,timestamp,value
0,2017-08-01T07:00:23+00:00,49.43
1,2017-08-01T07:05:31+00:00,50.33
2,2017-08-01T07:10:29+00:00,50.33
3,2017-08-01T07:15:17+00:00,50.33
4,2017-08-01T07:20:08+00:00,50.33
5,2017-08-01T07:25:01+00:00,50.33
6,2017-08-01T07:29:53+00:00,50.33
7,2017-08-01T07:34:45+00:00,50.71
8,2017-08-01T07:39:31+00:00,50.71
9,2017-08-01T07:44:17+00:00,50.71
10,2017-08-01T07:49:11+00:00,50.71
11,2017-08-01T07:53:56+00:00,50.71
12,2017-08-01T07:58:51+00:00,50.71
13,2017-08-01T08:03:37+00:00,50.71
14,2017-08-01T08:08:35+00:00,50.71
15,2017-08-01T08:13:24+00:00,50.71
16,2017-08-01T08:18:14+00:00,50.71
17,2017-08-01T08:23:08+00:00,50.71
18,2017-08-01T08:27:54+00:00,50.71
19,2017-08-01T08:32:32+00:00,50.71
20,2017-08-01T08:37:21+00:00,50.71
21,2017-08-01T08:42:14+00:00,50.71
22,2017-08-01T08:47:07+00:00,50.71
23,2017-08-01T08:52:00+00:00,50.71
24,2017-08-01T08:56:53+00:00,50.71
25,2017-08-01T09:01:36+00:00,50.71
26,2017-08-01T09:06:28+00:00,50.71
27,2017-08-01T09:11:22+00:00,50.71
28,2017-08-01T09:16:18+00:00,50.45
29,2017-08-01T09:21:16+00:00,50.32
30,2017-08-01T09:26:07+00:00,50.32
31,2017-08-01T09:30:52+00:00,50.2
32,2017-08-01T09:35:31+00:00,49.94
33,2017-08-01T09:40:24+00:00,49.56
34,2017-08-01T09:45:05+00:00,49.43
35,2017-08-01T09:49:54+00:00,49.31
36,2017-08-01T09:54:38+00:00,48.92
37,2017-08-01T09:59:32+00:00,48.16
38,2017-08-01T10:04:25+00:00,48.16
39,2017-08-01T10:09:12+00:00,48.03
40,2017-08-01T10:13:55+00:00,47.9
41,2017-08-01T10:18:46+00:00,47.65
42,2017-08-01T10:23:36+00:00,47.52
43,2017-08-01T10:28:24+00:00,47.4
44,2017-08-01T10:33:18+00:00,46.88
45,2017-08-01T10:38:13+00:00,46.37
46,2017-08-01T10:43:03+00:00,46.37
47,2017-08-01T10:48:00+00:00,45.98
48,2017-08-01T10:52:53+00:00,45.85
49,2017-08-01T10:57:57+00:00,45.72
50,2017-08-01T11:02:52+00:00,45.47
51,2017-08-01T11:07:47+00:00,45.09
52,2017-08-01T11:12:35+00:00,45.09
53,2017-08-01T11:17:21+00:00,44.71
54,2017-08-01T11:22:21+00:00,44.45
55,2017-08-01T11:27:16+00:00,44.33
56,2017-08-01T11:32:05+00:00,44.07
57,2017-08-01T11:36:59+00:00,41.63
58,2017-08-01T11:41:43+00:00,41.63
59,2017-08-01T11:46:23+00:00,41.63
60,2017-08-01T11:51:03+00:00,41.63
61,2017-08-01T11:55:40+00:00,41.25
62,2017-08-01T12:00:21+00:00,41.25
63,2017-08-01T12:05:04+00:00,41.0
64,2017-08-01T12:09:48+00:00,40.86
65,2017-08-01T12:14:31+00:00,40.86
66,2017-08-01T12:19:07+00:00,39.19
67,2017-08-01T12:23:48+00:00,38.05
68,2017-08-01T12:28:24+00:00,37.67
69,2017-08-01T12:33:10+00:00,37.28
70,2017-08-01T12:38:06+00:00,37.28
71,2017-08-01T12:43:05+00:00,37.28
72,2017-08-01T12:47:54+00:00,37.28
73,2017-08-01T12:52:47+00:00,37.28
74,2017-08-01T12:57:36+00:00,37.28
75,2017-08-01T13:02:27+00:00,37.28
76,2017-08-01T13:07:16+00:00,37.28
77,2017-08-01T13:11:57+00:00,37.28
78,2017-08-01T13:16:55+00:00,37.15
79,2017-08-01T13:21:50+00:00,37.15
80,2017-08-01T13:27:03+00:00,37.15
81,2017-08-01T13:32:03+00:00,37.15
82,2017-08-01T13:37:05+00:00,37.15
83,2017-08-01T13:42:10+00:00,37.03
84,2017-08-01T13:47:15+00:00,36.9
85,2017-08-01T13:52:23+00:00,36.9
86,2017-08-01T13:57:23+00:00,36.9
87,2017-08-01T14:02:35+00:00,36.9
88,2017-08-01T14:07:48+00:00,35.33
89,2017-08-01T14:12:51+00:00,35.21
90,2017-08-01T14:17:58+00:00,35.21
91,2017-08-01T14:23:16+00:00,35.21
92,2017-08-01T14:28:31+00:00,35.21
93,2017-08-01T14:33:41+00:00,35.21
94,2017-08-01T14:38:59+00:00,35.21
95,2017-08-01T14:44:16+00:00,35.21
96,2017-08-01T14:49:23+00:00,35.21
97,2017-08-01T14:54:17+00:00,35.21
98,2017-08-01T14:59:09+00:00,35.21
99,2017-08-01T15:04:12+00:00,35.21
100,2017-08-01T15:09:09+00:00,34.95
101,2017-08-01T15:14:01+00:00,34.69
102,2017-08-01T15:18:59+00:00,34.69
103,2017-08-01T15:24:00+00:00,34.69
104,2017-08-01T15:29:01+00:00,34.69
105,2017-08-01T15:33:55+00:00,34.69
106,2017-08-01T15:38:50+00:00,34.69
107,2017-08-01T15:43:53+00:00,34.69
108,2017-08-01T15:48:50+00:00,34.69
109,2017-08-01T15:53:43+00:00,34.69
110,2017-08-01T15:58:46+00:00,34.69
111,2017-08-01T16:03:49+00:00,34.69
112,2017-08-01T16:09:00+00:00,34.69
113,2017-08-01T16:14:05+00:00,34.69
114,2017-08-01T16:19:13+00:00,34.69
115,2017-08-01T16:24:15+00:00,34.69
116,2017-08-01T16:29:21+00:00,34.69
117,2017-08-01T16:34:27+00:00,34.69
118,2017-08-01T16:39:27+00:00,34.69
119,2017-08-01T16:44:32+00:00,34.69
120,2017-08-01T16:49:27+00:00,34.69
121,2017-08-01T16:54:33+00:00,34.69
122,2017-08-01T16:59:31+00:00,34.69
123,2017-08-01T17:04:43+00:00,34.69
124,2017-08-01T17:09:57+00:00,34.69
125,2017-08-01T17:15:03+00:00,34.69
126,2017-08-01T17:20:11+00:00,34.69
127,2017-08-01T17:25:16+00:00,34.69
128,2017-08-01T17:30:19+00:00,34.69
129,2017-08-01T17:35:24+00:00,34.69
130,2017-08-01T17:40:29+00:00,34.69
131,2017-08-01T17:45:26+00:00,34.56
132,2017-08-01T17:50:32+00:00,34.56
133,2017-08-01T17:55:38+00:00,34.56
134,2017-08-01T18:00:39+00:00,34.56
135,2017-08-01T18:05:40+00:00,34.56
136,2017-08-01T18:10:47+00:00,34.56
137,2017-08-01T18:15:49+00:00,34.56
138,2017-08-01T18:20:55+00:00,34.56
139,2017-08-01T18:25:57+00:00,34.82
140,2017-08-01T18:31:04+00:00,35.35
141,2017-08-01T18:36:10+00:00,35.73
142,2017-08-01T18:41:12+00:00,36.25
143,2017-08-01T18:46:18+00:00,36.25
144,2017-08-01T18:51:14+00:00,36.5
145,2017-08-01T18:56:10+00:00,37.01
146,2017-08-01T19:01:15+00:00,37.14
147,2017-08-01T19:06:08+00:00,37.14
148,2017-08-01T19:10:52+00:00,37.14
149,2017-08-01T19:15:39+00:00,37.39
150,2017-08-01T19:20:23+00:00,37.78
151,2017-08-01T19:25:14+00:00,38.17
152,2017-08-01T19:30:10+00:00,38.82
153,2017-08-01T19:35:01+00:00,39.08
154,2017-08-01T19:39:50+00:00,39.87
155,2017-08-01T19:44:43+00:00,40.27
156,2017-08-01T19:49:35+00:00,40.78
157,2017-08-01T19:54:32+00:00,41.58
158,2017-08-01T19:59:39+00:00,42.09
159,2017-08-01T20:04:45+00:00,42.63
160,2017-08-01T20:09:46+00:00,43.69
161,2017-08-01T20:14:53+00:00,43.81
162,2017-08-01T20:19:47+00:00,44.47
163,2017-08-01T20:24:44+00:00,44.86
164,2017-08-01T20:29:24+00:00,44.86
165,2017-08-01T20:34:12+00:00,44.47
166,2017-08-01T20:38:59+00:00,43.39
167,2017-08-01T20:43:42+00:00,43.0
168,2017-08-01T20:48:31+00:00,43.0
169,2017-08-01T20:53:18+00:00,42.38
170,2017-08-01T20:58:01+00:00,42.0
171,2017-08-01T21:02:57+00:00,41.87
172,2017-08-01T21:07:47+00:00,41.48
173,2017-08-01T21:12:38+00:00,40.71
174,2017-08-01T21:17:23+00:00,40.3
175,2017-08-01T21:22:12+00:00,40.3
176,2017-08-01T21:27:01+00:00,39.9
177,2017-08-01T21:31:57+00:00,39.9
178,2017-08-01T21:36:53+00:00,39.9
179,2017-08-01T21:41:50+00:00,40.94
180,2017-08-01T21:46:36+00:00,41.46
181,2017-08-01T21:51:25+00:00,40.72
182,2017-08-01T21:56:12+00:00,40.72
183,2017-08-01T22:01:12+00:00,40.33
184,2017-08-01T22:06:03+00:00,40.33
185,2017-08-01T22:10:49+00:00,40.33
186,2017-08-01T22:15:55+00:00,40.33
187,2017-08-01T22:21:02+00:00,40.33
188,2017-08-01T22:26:08+00:00,40.33
189,2017-08-01T22:31:09+00:00,40.33
190,2017-08-01T22:36:07+00:00,39.82
191,2017-08-01T22:41:06+00:00,39.55
192,2017-08-01T22:45:52+00:00,39.3
193,2017-08-01T22:50:44+00:00,39.17
194,2017-08-01T22:55:33+00:00,39.17
195,2017-08-01T23:00:17+00:00,39.17
196,2017-08-01T23:05:14+00:00,38.66
197,2017-08-01T23:10:18+00:00,38.02
198,2017-08-01T23:15:18+00:00,37.51
199,2017-08-01T23:20:37+00:00,37.51
200,2017-08-01T23:25:39+00:00,37.24
201,2017-08-01T23:30:46+00:00,37.12
202,2017-08-01T23:35:51+00:00,36.73
203,2017-08-01T23:40:53+00:00,36.35
204,2017-08-01T23:45:58+00:00,36.35
205,2017-08-01T23:50:55+00:00,36.09
206,2017-08-01T23:55:53+00:00,35.83
207,2017-08-02T00:00:58+00:00,35.45
208,2017-08-02T00:06:04+00:00,35.45
209,2017-08-02T00:11:04+00:00,35.32
210,2017-08-02T00:16:11+00:00,35.19
211,2017-08-02T00:21:12+00:00,35.07
212,2017-08-02T00:26:16+00:00,35.07
213,2017-08-02T00:31:12+00:00,35.07
214,2017-08-02T00:36:13+00:00,35.07
215,2017-08-02T00:41:19+00:00,35.07
216,2017-08-02T00:46:14+00:00,35.45
217,2017-08-02T00:51:13+00:00,36.02
218,2017-08-02T00:56:06+00:00,36.68
219,2017-08-02T01:01:12+00:00,36.93
220,2017-08-02T01:06:07+00:00,37.33
221,2017-08-02T01:11:13+00:00,37.72
222,2017-08-02T01:16:17+00:00,37.97
223,2017-08-02T01:21:19+00:00,38.1
224,2017-08-02T01:26:15+00:00,38.1
225,2017-08-02T01:31:22+00:00,38.62
226,2017-08-02T01:36:25+00:00,40.77
227,2017-08-02T01:41:31+00:00,41.17
228,2017-08-02T01:46:33+00:00,41.43
229,2017-08-02T01:51:34+00:00,41.43
230,2017-08-02T01:56:37+00:00,41.43
231,2017-08-02T02:01:42+00:00,40.93
232,2017-08-02T02:06:51+00:00,40.29
233,2017-08-02T02:11:56+00:00,40.68
234,2017-08-02T02:16:53+00:00,40.68
235,2017-08-02T02:21:55+00:00,40.68
236,2017-08-02T02:27:12+00:00,40.68
237,2017-08-02T02:32:24+00:00,40.68
238,2017-08-02T02:37:25+00:00,42.13
239,2017-08-02T02:42:29+00:00,42.51
240,2017-08-02T02:47:25+00:00,42.89
241,2017-08-02T02:52:24+00:00,43.27
242,2017-08-02T02:57:15+00:00,43.4
243,2017-08-02T03:02:21+00:00,43.4
244,2017-08-02T03:07:18+00:00,43.93
245,2017-08-02T03:12:20+00:00,43.93
246,2017-08-02T03:17:09+00:00,43.93
247,2017-08-02T03:22:00+00:00,44.18
248,2017-08-02T03:26:55+00:00,44.31
249,2017-08-02T03:31:54+00:00,44.56
250,2017-08-02T03:37:01+00:00,44.69
251,2017-08-02T03:42:05+00:00,44.94
252,2017-08-02T03:47:01+00:00,45.2
253,2017-08-02T03:52:12+00:00,45.32
254,2017-08-02T03:57:06+00:00,45.32
255,2017-08-02T04:02:07+00:00,45.45
256,2017-08-02T04:07:12+00:00,50.35
257,2017-08-02T04:12:13+00:00,50.99
258,2017-08-02T04:17:11+00:00,50.99
259,2017-08-02T04:21:59+00:00,50.99
260,2017-08-02T04:26:54+00:00,50.99
261,2017-08-02T04:31:53+00:00,51.24
262,2017-08-02T04:36:50+00:00,51.24
263,2017-08-02T04:42:00+00:00,51.24
264,2017-08-02T04:48:01+00:00,51.37
265,2017-08-02T04:53:10+00:00,51.62
266,2017-08-02T04:58:11+00:00,51.62
267,2017-08-02T05:03:12+00:00,51.88
268,2017-08-02T05:08:10+00:00,52.79
269,2017-08-02T05:13:02+00:00,53.04
270,2017-08-02T05:17:56+00:00,53.44
271,2017-08-02T05:22:53+00:00,53.83
272,2017-08-02T05:28:01+00:00,54.08
273,2017-08-02T05:33:05+00:00,54.08
274,2017-08-02T05:38:04+00:00,54.34
275,2017-08-02T05:43:12+00:00,54.59
276,2017-08-02T05:48:20+00:00,54.72
277,2017-08-02T05:53:22+00:00,54.97
278,2017-08-02T05:58:34+00:00,55.36
279,2017-08-02T06:03:41+00:00,55.36
280,2017-08-02T06:08:38+00:00,55.36
281,2017-08-02T06:13:36+00:00,55.36
282,2017-08-02T06:18:33+00:00,55.36
283,2017-08-02T06:23:33+00:00,55.36
284,2017-08-02T06:28:34+00:00,55.36
285,2017-08-02T06:33:38+00:00,55.48
286,2017-08-02T06:38:34+00:00,55.48
287,2017-08-02T06:43:40+00:00,55.48
288,2017-08-02T06:48:44+00:00,55.48
289,2017-08-02T06:53:32+00:00,56.0
290,2017-08-02T06:58:31+00:00,56.0
291,2017-08-02T07:03:54+00:00,56.0
292,2017-08-02T07:09:22+00:00,56.03
293,2017-08-02T07:14:29+00:00,55.65
294,2017-08-02T07:19:26+00:00,55.65
295,2017-08-02T07:24:22+00:00,55.65
296,2017-08-02T07:29:29+00:00,55.14
297,2017-08-02T07:34:32+00:00,55.14
298,2017-08-02T07:39:41+00:00,55.02
299,2017-08-02T07:44:41+00:00,54.76
300,2017-08-02T07:49:45+00:00,54.5
301,2017-08-02T07:54:46+00:00,53.99
302,2017-08-02T07:59:58+00:00,53.61
303,2017-08-02T08:05:01+00:00,52.83
304,2017-08-02T08:10:03+00:00,52.45
305,2017-08-02T08:15:20+00:00,51.92
306,2017-08-02T08:20:25+00:00,51.79
307,2017-08-02T08:25:31+00:00,51.67
308,2017-08-02T08:30:31+00:00,51.41
309,2017-08-02T08:35:37+00:00,51.03
310,2017-08-02T08:40:43+00:00,50.39
311,2017-08-02T08:45:41+00:00,50.14
312,2017-08-02T08:50:45+00:00,50.01
313,2017-08-02T08:55:45+00:00,49.38
314,2017-08-02T09:00:47+00:00,49.25
315,2017-08-02T09:05:51+00:00,48.87
316,2017-08-02T09:11:02+00:00,48.62
317,2017-08-02T09:16:07+00:00,48.37
318,2017-08-02T09:21:26+00:00,48.11
319,2017-08-02T09:26:37+00:00,47.33
320,2017-08-02T09:31:41+00:00,47.07
321,2017-08-02T09:36:55+00:00,46.69
322,2017-08-02T09:42:07+00:00,46.43
323,2017-08-02T09:47:16+00:00,46.18
324,2017-08-02T09:52:26+00:00,45.67
325,2017-08-02T09:57:30+00:00,45.28
326,2017-08-02T10:02:33+00:00,45.15
327,2017-08-02T10:07:28+00:00,44.77
328,2017-08-02T10:12:32+00:00,44.65
329,2017-08-02T10:17:31+00:00,44.27
330,2017-08-02T10:22:37+00:00,44.01
331,2017-08-02T10:27:32+00:00,43.63
332,2017-08-02T10:32:30+00:00,43.63
333,2017-08-02T10:37:28+00:00,43.37
334,2017-08-02T10:42:33+00:00,43.12
335,2017-08-02T10:47:32+00:00,42.73
336,2017-08-02T10:52:34+00:00,42.73
337,2017-08-02T10:57:29+00:00,42.48
338,2017-08-02T11:02:31+00:00,42.23
339,2017-08-02T11:07:32+00:00,41.85
340,2017-08-02T11:12:45+00:00,41.85
341,2017-08-02T11:17:41+00:00,41.85
342,2017-08-02T11:22:43+00:00,41.85
343,2017-08-02T11:27:45+00:00,39.81
344,2017-08-02T11:32:48+00:00,39.81
345,2017-08-02T11:37:52+00:00,39.81
346,2017-08-02T11:42:50+00:00,39.81
347,2017-08-02T11:47:49+00:00,39.81
348,2017-08-02T11:52:54+00:00,39.81
349,2017-08-02T11:57:45+00:00,39.81
350,2017-08-02T12:02:47+00:00,39.81
351,2017-08-02T12:07:44+00:00,39.81
352,2017-08-02T12:12:31+00:00,39.81
353,2017-08-02T12:17:32+00:00,39.81
354,2017-08-02T12:22:37+00:00,37.62
355,2017-08-02T12:27:41+00:00,37.5
356,2017-08-02T12:32:39+00:00,37.5
357,2017-08-02T12:37:42+00:00,37.5
358,2017-08-02T12:42:30+00:00,37.5
359,2017-08-02T12:47:23+00:00,37.5
360,2017-08-02T12:52:18+00:00,37.5
361,2017-08-02T12:57:23+00:00,37.5
362,2017-08-02T13:02:14+00:00,37.5
363,2017-08-02T13:07:16+00:00,37.24
364,2017-08-02T13:12:23+00:00,36.99
365,2017-08-02T13:17:25+00:00,36.99
366,2017-08-02T13:22:25+00:00,36.99
367,2017-08-02T13:27:24+00:00,36.99
368,2017-08-02T13:32:27+00:00,36.99
369,2017-08-02T13:37:27+00:00,36.86
370,2017-08-02T13:42:22+00:00,36.86
371,2017-08-02T13:47:27+00:00,36.74
372,2017-08-02T13:52:26+00:00,36.74
373,2017-08-02T13:57:31+00:00,36.74
374,2017-08-02T14:02:39+00:00,36.74
375,2017-08-02T14:07:41+00:00,35.45
376,2017-08-02T14:12:50+00:00,35.19
377,2017-08-02T14:17:52+00:00,35.19
378,2017-08-02T14:22:57+00:00,35.06
379,2017-08-02T14:27:54+00:00,35.06
380,2017-08-02T14:32:47+00:00,35.06
381,2017-08-02T14:37:50+00:00,34.93
382,2017-08-02T14:42:44+00:00,34.8
383,2017-08-02T14:47:45+00:00,34.67
384,2017-08-02T14:52:38+00:00,34.67
385,2017-08-02T14:57:34+00:00,34.67
386,2017-08-02T15:02:33+00:00,34.28
387,2017-08-02T15:07:38+00:00,33.07
388,2017-08-02T15:12:39+00:00,33.07
389,2017-08-02T15:17:38+00:00,33.07
390,2017-08-02T15:22:36+00:00,33.07
391,2017-08-02T15:27:32+00:00,33.07
392,2017-08-02T15:32:36+00:00,33.07
393,2017-08-02T15:37:36+00:00,33.07
394,2017-08-02T15:42:42+00:00,33.2
395,2017-08-02T15:47:41+00:00,33.2
396,2017-08-02T15:52:50+00:00,33.45
397,2017-08-02T15:57:54+00:00,33.45
398,2017-08-02T16:02:56+00:00,33.45
399,2017-08-02T16:08:00+00:00,33.58
400,2017-08-02T16:13:02+00:00,33.58
401,2017-08-02T16:18:10+00:00,33.58
402,2017-08-02T16:23:11+00:00,33.97
403,2017-08-02T16:28:12+00:00,33.97
404,2017-08-02T16:33:13+00:00,34.1
405,2017-08-02T16:38:13+00:00,34.1
406,2017-08-02T16:43:17+00:00,34.1
407,2017-08-02T16:48:09+00:00,34.1
408,2017-08-02T16:53:07+00:00,34.38
409,2017-08-02T16:58:12+00:00,34.76
410,2017-08-02T17:03:11+00:00,35.16
411,2017-08-02T17:08:15+00:00,35.16
412,2017-08-02T17:13:21+00:00,35.54
413,2017-08-02T17:18:29+00:00,35.93
414,2017-08-02T17:23:38+00:00,35.93
415,2017-08-02T17:28:43+00:00,36.18
416,2017-08-02T17:33:41+00:00,36.83
417,2017-08-02T17:38:39+00:00,36.96
418,2017-08-02T17:43:35+00:00,37.63
419,2017-08-02T17:48:36+00:00,38.14
420,2017-08-02T17:53:38+00:00,38.53
421,2017-08-02T17:58:36+00:00,39.19
422,2017-08-02T18:03:38+00:00,40.08
423,2017-08-02T18:08:35+00:00,40.08
424,2017-08-02T18:13:21+00:00,40.85
425,2017-08-02T18:18:12+00:00,40.99
426,2017-08-02T18:22:56+00:00,40.99
427,2017-08-02T18:27:44+00:00,40.99
428,2017-08-02T18:32:34+00:00,41.26
429,2017-08-02T18:37:38+00:00,42.24
430,2017-08-02T18:42:39+00:00,42.75
431,2017-08-02T18:47:33+00:00,43.4
432,2017-08-02T18:52:19+00:00,43.79
433,2017-08-02T18:57:20+00:00,44.18
434,2017-08-02T19:02:06+00:00,44.44
435,2017-08-02T19:06:59+00:00,44.56
436,2017-08-02T19:11:50+00:00,44.56
437,2017-08-02T19:16:46+00:00,44.83
438,2017-08-02T19:21:40+00:00,44.69
439,2017-08-02T19:26:38+00:00,44.69
440,2017-08-02T19:31:24+00:00,44.69
441,2017-08-02T19:36:10+00:00,44.69
442,2017-08-02T19:40:57+00:00,44.95
443,2017-08-02T19:45:46+00:00,44.95
444,2017-08-02T19:50:34+00:00,44.95
445,2017-08-02T19:55:28+00:00,45.36
446,2017-08-02T20:00:16+00:00,45.36
447,2017-08-02T20:05:13+00:00,45.36
448,2017-08-02T20:09:57+00:00,45.62
449,2017-08-02T20:14:47+00:00,45.88
450,2017-08-02T20:19:36+00:00,46.45
451,2017-08-02T20:24:34+00:00,46.45
452,2017-08-02T20:29:19+00:00,46.7
453,2017-08-02T20:34:11+00:00,47.1
454,2017-08-02T20:39:02+00:00,47.63
455,2017-08-02T20:43:55+00:00,48.15
456,2017-08-02T20:48:44+00:00,48.55
457,2017-08-02T20:53:26+00:00,49.11
458,2017-08-02T20:58:18+00:00,49.62
459,2017-08-02T21:03:09+00:00,49.87
460,2017-08-02T21:08:04+00:00,49.87
461,2017-08-02T21:13:03+00:00,49.87
462,2017-08-02T21:17:54+00:00,49.07
463,2017-08-02T21:22:42+00:00,48.55
464,2017-08-02T21:27:24+00:00,48.55
465,2017-08-02T21:32:15+00:00,48.55
466,2017-08-02T21:37:06+00:00,48.8
467,2017-08-02T21:41:45+00:00,48.68
468,2017-08-02T21:46:35+00:00,47.46
469,2017-08-02T21:51:24+00:00,46.93
470,2017-08-02T21:56:19+00:00,46.54
471,2017-08-02T22:01:01+00:00,45.86
472,2017-08-02T22:05:48+00:00,45.48
473,2017-08-02T22:10:34+00:00,45.35
474,2017-08-02T22:15:25+00:00,45.35
475,2017-08-02T22:20:18+00:00,44.8
476,2017-08-02T22:24:59+00:00,43.46
477,2017-08-02T22:29:50+00:00,43.46
478,2017-08-02T22:34:44+00:00,42.85
479,2017-08-02T22:39:30+00:00,41.9
480,2017-08-02T22:44:27+00:00,41.38
481,2017-08-02T22:49:19+00:00,41.64
482,2017-08-02T22:54:13+00:00,41.64
483,2017-08-02T22:59:03+00:00,41.64
484,2017-08-02T23:03:45+00:00,40.69
485,2017-08-02T23:08:38+00:00,41.14
486,2017-08-02T23:13:23+00:00,40.21
487,2017-08-02T23:18:14+00:00,40.32
488,2017-08-02T23:23:05+00:00,40.71
489,2017-08-02T23:27:53+00:00,39.51
490,2017-08-02T23:32:37+00:00,38.87
491,2017-08-02T23:37:34+00:00,38.35
492,2017-08-02T23:42:21+00:00,38.48
493,2017-08-02T23:47:10+00:00,39.71
494,2017-08-02T23:51:53+00:00,40.36
495,2017-08-02T23:56:46+00:00,41.17
496,2017-08-03T00:01:36+00:00,41.17
497,2017-08-03T00:06:32+00:00,41.17
498,2017-08-03T00:11:22+00:00,41.17
499,2017-08-03T00:16:11+00:00,41.29
500,2017-08-03T00:20:59+00:00,39.93
501,2017-08-03T00:25:44+00:00,39.66
502,2017-08-03T00:30:37+00:00,38.79
503,2017-08-03T00:35:21+00:00,38.79
504,2017-08-03T00:40:06+00:00,39.3
505,2017-08-03T00:44:50+00:00,39.76
506,2017-08-03T00:49:43+00:00,39.89
507,2017-08-03T00:54:29+00:00,38.76
508,2017-08-03T00:59:15+00:00,37.54
509,2017-08-03T01:04:02+00:00,37.54
510,2017-08-03T01:08:45+00:00,38.18
511,2017-08-03T01:13:31+00:00,38.18
512,2017-08-03T01:18:28+00:00,38.4
513,2017-08-03T01:23:14+00:00,39.51
514,2017-08-03T01:27:51+00:00,40.15
515,2017-08-03T01:32:35+00:00,41.91
516,2017-08-03T01:37:30+00:00,42.55
517,2017-08-03T01:42:24+00:00,42.55
518,2017-08-03T01:47:11+00:00,42.55
519,2017-08-03T01:52:01+00:00,42.55
520,2017-08-03T01:56:48+00:00,42.55
521,2017-08-03T02:01:55+00:00,42.16
522,2017-08-03T02:06:43+00:00,42.97
523,2017-08-03T02:11:35+00:00,43.93
524,2017-08-03T02:16:27+00:00,44.19
525,2017-08-03T02:21:23+00:00,44.7
526,2017-08-03T02:26:06+00:00,45.27
527,2017-08-03T02:30:54+00:00,45.27
528,2017-08-03T02:35:50+00:00,45.9
529,2017-08-03T02:40:32+00:00,46.75
530,2017-08-03T02:45:20+00:00,47.0
531,2017-08-03T02:50:09+00:00,48.04
532,2017-08-03T02:54:53+00:00,49.51
533,2017-08-03T02:59:43+00:00,49.89
534,2017-08-03T03:04:29+00:00,50.95
535,2017-08-03T03:09:15+00:00,51.38
536,2017-08-03T03:14:03+00:00,51.38
537,2017-08-03T03:18:57+00:00,50.42
538,2017-08-03T03:23:51+00:00,50.17
539,2017-08-03T03:28:35+00:00,50.17
540,2017-08-03T03:33:18+00:00,50.17
541,2017-08-03T03:38:02+00:00,50.04
542,2017-08-03T03:42:45+00:00,50.04
543,2017-08-03T03:47:32+00:00,50.04
544,2017-08-03T03:52:22+00:00,50.04
545,2017-08-03T03:57:08+00:00,49.65
546,2017-08-03T04:01:57+00:00,51.59
547,2017-08-03T04:06:44+00:00,51.47
548,2017-08-03T04:11:30+00:00,50.09
549,2017-08-03T04:16:20+00:00,48.77
550,2017-08-03T04:21:10+00:00,47.1
551,2017-08-03T04:25:57+00:00,45.73
552,2017-08-03T04:30:38+00:00,44.38
553,2017-08-03T04:35:31+00:00,44.38
554,2017-08-03T04:40:21+00:00,43.29
555,2017-08-03T04:45:09+00:00,42.51
556,2017-08-03T04:50:49+00:00,41.43
557,2017-08-03T04:55:34+00:00,40.75
558,2017-08-03T05:00:26+00:00,40.75
559,2017-08-03T05:05:03+00:00,40.75
560,2017-08-03T05:09:47+00:00,40.75
561,2017-08-03T05:14:30+00:00,40.75
562,2017-08-03T05:19:10+00:00,40.75
563,2017-08-03T05:23:57+00:00,40.75
564,2017-08-03T05:28:45+00:00,41.69
565,2017-08-03T05:33:27+00:00,41.82
566,2017-08-03T05:38:11+00:00,41.69
567,2017-08-03T05:42:54+00:00,41.44
568,2017-08-03T05:47:33+00:00,41.31
569,2017-08-03T05:52:21+00:00,41.05
570,2017-08-03T05:57:02+00:00,41.05
571,2017-08-03T06:01:56+00:00,41.57
572,2017-08-03T06:06:39+00:00,42.84
573,2017-08-03T06:11:22+00:00,45.03
574,2017-08-03T06:16:00+00:00,46.24
575,2017-08-03T06:20:50+00:00,48.06
576,2017-08-03T06:25:29+00:00,49.38
577,2017-08-03T06:30:15+00:00,50.41
578,2017-08-03T06:35:14+00:00,52.53
579,2017-08-03T06:40:05+00:00,52.53
580,2017-08-03T06:44:47+00:00,52.53
581,2017-08-03T06:49:38+00:00,52.53
582,2017-08-03T06:54:33+00:00,52.53
583,2017-08-03T06:59:24+00:00,52.53
584,2017-08-03T07:04:39+00:00,54.03
585,2017-08-03T07:09:42+00:00,53.4
586,2017-08-03T07:14:42+00:00,53.4
587,2017-08-03T07:19:27+00:00,52.89
588,2017-08-03T07:24:15+00:00,52.5
589,2017-08-03T07:29:04+00:00,51.62
590,2017-08-03T07:34:06+00:00,50.55
591,2017-08-03T07:38:59+00:00,50.04
592,2017-08-03T07:43:56+00:00,50.04
593,2017-08-03T07:48:49+00:00,49.4
594,2017-08-03T07:53:43+00:00,48.99
595,2017-08-03T07:58:40+00:00,48.6
596,2017-08-03T08:03:35+00:00,47.42
597,2017-08-03T08:08:34+00:00,47.04
598,2017-08-03T08:13:30+00:00,46.12
599,2017-08-03T08:18:28+00:00,45.19
600,2017-08-03T08:23:27+00:00,44.79
601,2017-08-03T08:28:05+00:00,44.02
602,2017-08-03T08:32:51+00:00,43.28
603,2017-08-03T08:37:30+00:00,43.02
604,2017-08-03T08:42:17+00:00,42.9
605,2017-08-03T08:47:02+00:00,42.26
606,2017-08-03T08:51:47+00:00,42.0
607,2017-08-03T08:56:26+00:00,41.74
608,2017-08-03T09:01:13+00:00,41.74
609,2017-08-03T09:05:57+00:00,41.74
610,2017-08-03T09:10:42+00:00,41.36
611,2017-08-03T09:15:25+00:00,41.36
612,2017-08-03T09:20:14+00:00,41.36
613,2017-08-03T09:25:02+00:00,41.36
614,2017-08-03T09:29:53+00:00,41.36
615,2017-08-03T09:34:46+00:00,41.36
616,2017-08-03T09:39:37+00:00,41.36
617,2017-08-03T09:44:16+00:00,41.11
618,2017-08-03T09:49:06+00:00,41.11
619,2017-08-03T09:53:55+00:00,41.11
620,2017-08-03T09:58:51+00:00,41.11
621,2017-08-03T10:03:35+00:00,41.11
622,2017-08-03T10:08:32+00:00,41.11
623,2017-08-03T10:13:19+00:00,41.11
624,2017-08-03T10:18:07+00:00,41.11
625,2017-08-03T10:22:47+00:00,41.11
626,2017-08-03T10:27:39+00:00,41.11
627,2017-08-03T10:32:37+00:00,41.11
628,2017-08-03T10:37:18+00:00,41.11
629,2017-08-03T10:42:09+00:00,41.78
630,2017-08-03T10:47:02+00:00,41.78
631,2017-08-03T10:51:45+00:00,41.78
632,2017-08-03T10:56:33+00:00,41.78
633,2017-08-03T11:01:22+00:00,41.78
634,2017-08-03T11:06:13+00:00,41.78
635,2017-08-03T11:11:15+00:00,41.78
636,2017-08-03T11:16:08+00:00,41.78
637,2017-08-03T11:20:56+00:00,41.78
638,2017-08-03T11:25:42+00:00,41.78
639,2017-08-03T11:30:36+00:00,40.2
640,2017-08-03T11:35:20+00:00,40.2
641,2017-08-03T11:40:23+00:00,40.2
642,2017-08-03T11:45:09+00:00,40.2
643,2017-08-03T11:50:06+00:00,40.2
644,2017-08-03T11:54:54+00:00,40.2
645,2017-08-03T11:59:56+00:00,39.95
646,2017-08-03T12:04:38+00:00,39.82
647,2017-08-03T12:09:24+00:00,39.82
648,2017-08-03T12:14:13+00:00,39.82
649,2017-08-03T12:18:46+00:00,38.52
650,2017-08-03T12:23:27+00:00,37.33
651,2017-08-03T12:28:09+00:00,37.33
652,2017-08-03T12:32:57+00:00,37.33
653,2017-08-03T12:37:37+00:00,37.33
654,2017-08-03T12:42:23+00:00,37.33
655,2017-08-03T12:47:16+00:00,37.33
656,2017-08-03T12:52:04+00:00,37.33
657,2017-08-03T12:56:49+00:00,37.33
658,2017-08-03T13:01:32+00:00,37.33
659,2017-08-03T13:06:28+00:00,37.88
660,2017-08-03T13:11:21+00:00,37.88
661,2017-08-03T13:16:02+00:00,37.88
662,2017-08-03T13:20:56+00:00,37.88
663,2017-08-03T13:25:49+00:00,37.88
664,2017-08-03T13:30:30+00:00,37.88
665,2017-08-03T13:35:14+00:00,37.88
666,2017-08-03T13:39:54+00:00,37.88
667,2017-08-03T13:44:24+00:00,37.88
668,2017-08-03T13:49:11+00:00,37.88
669,2017-08-03T13:54:04+00:00,38.26
670,2017-08-03T13:58:57+00:00,38.65
671,2017-08-03T14:04:01+00:00,38.65
672,2017-08-03T14:08:51+00:00,37.07
673,2017-08-03T14:13:46+00:00,36.68
674,2017-08-03T14:18:36+00:00,36.68
675,2017-08-03T14:23:26+00:00,36.43
676,2017-08-03T14:28:19+00:00,36.17
677,2017-08-03T14:33:08+00:00,36.17
678,2017-08-03T14:37:53+00:00,36.17
679,2017-08-03T14:42:35+00:00,36.17
680,2017-08-03T14:47:32+00:00,36.17
681,2017-08-03T14:52:15+00:00,36.17
682,2017-08-03T14:57:04+00:00,36.17
683,2017-08-03T15:01:57+00:00,36.04
684,2017-08-03T15:06:52+00:00,34.51
685,2017-08-03T15:11:35+00:00,34.38
686,2017-08-03T15:16:22+00:00,34.38
687,2017-08-03T15:21:12+00:00,35.38
688,2017-08-03T15:26:01+00:00,36.24
689,2017-08-03T15:30:49+00:00,36.24
690,2017-08-03T15:35:40+00:00,36.92
691,2017-08-03T15:40:31+00:00,37.34
692,2017-08-03T15:45:18+00:00,37.99
693,2017-08-03T15:50:05+00:00,37.99
694,2017-08-03T15:55:03+00:00,37.99
695,2017-08-03T15:59:48+00:00,37.99
696,2017-08-03T16:04:41+00:00,38.24
697,2017-08-03T16:09:25+00:00,37.42
698,2017-08-03T16:14:09+00:00,36.81
699,2017-08-03T16:19:01+00:00,36.17
700,2017-08-03T16:23:52+00:00,36.17
701,2017-08-03T16:28:48+00:00,36.28
702,2017-08-03T16:33:40+00:00,34.91
703,2017-08-03T16:38:32+00:00,35.03
704,2017-08-03T16:43:18+00:00,35.03
705,2017-08-03T16:48:09+00:00,36.92
706,2017-08-03T16:53:00+00:00,37.05
707,2017-08-03T16:57:50+00:00,35.64
708,2017-08-03T17:02:39+00:00,36.56
709,2017-08-03T17:07:35+00:00,35.56
710,2017-08-03T17:12:30+00:00,35.43
711,2017-08-03T17:17:25+00:00,35.43
712,2017-08-03T17:22:18+00:00,35.43
713,2017-08-03T17:27:06+00:00,35.43
714,2017-08-03T17:31:52+00:00,37.65
715,2017-08-03T17:36:30+00:00,39.11
716,2017-08-03T17:41:14+00:00,40.23
717,2017-08-03T17:46:04+00:00,41.48
718,2017-08-03T17:51:06+00:00,42.44
719,2017-08-03T17:56:03+00:00,43.02
720,2017-08-03T18:01:04+00:00,44.42
721,2017-08-03T18:05:51+00:00,45.18
722,2017-08-03T18:10:32+00:00,45.85
723,2017-08-03T18:15:28+00:00,46.26
724,2017-08-03T18:20:20+00:00,46.66
725,2017-08-03T18:25:20+00:00,47.27
726,2017-08-03T18:30:06+00:00,47.27
727,2017-08-03T18:34:46+00:00,47.27
728,2017-08-03T18:39:35+00:00,47.27
729,2017-08-03T18:44:19+00:00,48.42
730,2017-08-03T18:49:03+00:00,48.42
731,2017-08-03T18:53:49+00:00,48.83
732,2017-08-03T18:58:36+00:00,48.83
733,2017-08-03T19:03:16+00:00,48.83
734,2017-08-03T19:08:03+00:00,48.83
735,2017-08-03T19:12:51+00:00,48.58
736,2017-08-03T19:17:38+00:00,48.19
737,2017-08-03T19:22:27+00:00,47.67
738,2017-08-03T19:27:13+00:00,47.27
739,2017-08-03T19:32:01+00:00,47.02
740,2017-08-03T19:36:43+00:00,50.0
741,2017-08-03T19:41:24+00:00,50.0
742,2017-08-03T19:46:12+00:00,50.42
743,2017-08-03T19:50:59+00:00,49.76
744,2017-08-03T19:55:42+00:00,50.42
745,2017-08-03T20:00:24+00:00,50.42
746,2017-08-03T20:05:12+00:00,50.86
747,2017-08-03T20:09:54+00:00,50.45
748,2017-08-03T20:14:40+00:00,49.21
749,2017-08-03T20:19:25+00:00,49.21
750,2017-08-03T20:24:12+00:00,50.12
751,2017-08-03T20:28:59+00:00,51.34
752,2017-08-03T20:33:40+00:00,51.34
753,2017-08-03T20:38:27+00:00,51.81
754,2017-08-03T20:43:13+00:00,51.81
755,2017-08-03T20:47:54+00:00,51.69
756,2017-08-03T20:52:41+00:00,51.1
757,2017-08-03T20:57:29+00:00,52.06
758,2017-08-03T21:02:23+00:00,51.51
759,2017-08-03T21:07:12+00:00,51.14
760,2017-08-03T21:12:01+00:00,51.86
761,2017-08-03T21:16:50+00:00,53.63
762,2017-08-03T21:21:44+00:00,54.07
763,2017-08-03T21:26:30+00:00,52.55
764,2017-08-03T21:31:24+00:00,52.28
765,2017-08-03T21:36:16+00:00,52.83
766,2017-08-03T21:41:03+00:00,52.43
767,2017-08-03T21:45:53+00:00,51.88
768,2017-08-03T21:50:33+00:00,51.88
769,2017-08-03T21:55:21+00:00,52.14
770,2017-08-03T22:00:09+00:00,52.73
771,2017-08-03T22:05:00+00:00,49.95
772,2017-08-03T22:09:51+00:00,48.72
773,2017-08-03T22:14:39+00:00,48.72
774,2017-08-03T22:19:25+00:00,47.22
775,2017-08-03T22:24:11+00:00,45.51
776,2017-08-03T22:28:55+00:00,45.11
777,2017-08-03T22:33:33+00:00,44.14
778,2017-08-03T22:38:22+00:00,41.97
779,2017-08-03T22:43:08+00:00,42.78
780,2017-08-03T22:47:50+00:00,41.79
781,2017-08-03T22:52:36+00:00,45.28
782,2017-08-03T22:57:20+00:00,45.28
783,2017-08-03T23:02:19+00:00,44.28
784,2017-08-03T23:07:03+00:00,44.41
785,2017-08-03T23:11:44+00:00,42.87
786,2017-08-03T23:16:31+00:00,40.8
787,2017-08-03T23:21:18+00:00,40.43
788,2017-08-03T23:26:05+00:00,42.64
789,2017-08-03T23:30:50+00:00,43.64
790,2017-08-03T23:35:35+00:00,41.12
791,2017-08-03T23:40:23+00:00,43.62
792,2017-08-03T23:45:10+00:00,43.62
793,2017-08-03T23:49:57+00:00,45.17
794,2017-08-03T23:54:44+00:00,44.44
795,2017-08-03T23:59:30+00:00,43.44
796,2017-08-04T00:04:12+00:00,44.21
797,2017-08-04T00:08:57+00:00,42.65
798,2017-08-04T00:13:41+00:00,39.78
799,2017-08-04T00:18:24+00:00,38.52
800,2017-08-04T00:23:04+00:00,40.83
801,2017-08-04T00:27:41+00:00,41.62
802,2017-08-04T00:32:22+00:00,43.88
803,2017-08-04T00:37:03+00:00,42.89
804,2017-08-04T00:41:43+00:00,41.76
805,2017-08-04T00:46:30+00:00,42.62
806,2017-08-04T00:51:14+00:00,43.01
807,2017-08-04T00:55:59+00:00,43.01
808,2017-08-04T01:00:49+00:00,41.93
809,2017-08-04T01:05:37+00:00,40.02
810,2017-08-04T01:10:25+00:00,38.77
811,2017-08-04T01:15:29+00:00,37.47
812,2017-08-04T01:20:18+00:00,39.3
813,2017-08-04T01:25:11+00:00,41.69
814,2017-08-04T01:30:00+00:00,43.2
815,2017-08-04T01:34:42+00:00,44.17
816,2017-08-04T01:39:26+00:00,42.15
817,2017-08-04T01:44:24+00:00,37.73
818,2017-08-04T01:49:10+00:00,36.84
819,2017-08-04T01:53:59+00:00,36.84
820,2017-08-04T01:58:41+00:00,36.84
821,2017-08-04T02:03:37+00:00,36.2
822,2017-08-04T02:08:28+00:00,36.7
823,2017-08-04T02:13:19+00:00,37.49
824,2017-08-04T02:18:00+00:00,38.6
825,2017-08-04T02:22:48+00:00,39.42
826,2017-08-04T02:27:36+00:00,40.93
827,2017-08-04T02:32:27+00:00,41.77
828,2017-08-04T02:37:12+00:00,41.77
829,2017-08-04T02:42:03+00:00,42.91
830,2017-08-04T02:46:46+00:00,43.31
831,2017-08-04T02:51:33+00:00,44.1
832,2017-08-04T02:56:25+00:00,44.22
833,2017-08-04T03:01:19+00:00,44.22
834,2017-08-04T03:06:11+00:00,45.41
835,2017-08-04T03:11:03+00:00,45.45
836,2017-08-04T03:15:50+00:00,44.19
837,2017-08-04T03:20:46+00:00,45.71
838,2017-08-04T03:25:36+00:00,46.83
839,2017-08-04T03:30:39+00:00,46.83
840,2017-08-04T03:35:28+00:00,46.83
841,2017-08-04T03:40:10+00:00,44.72
842,2017-08-04T03:45:00+00:00,43.72
843,2017-08-04T03:49:53+00:00,44.82
844,2017-08-04T03:54:42+00:00,45.11
845,2017-08-04T03:59:31+00:00,45.11
846,2017-08-04T04:04:30+00:00,47.93
847,2017-08-04T04:09:25+00:00,48.93
848,2017-08-04T04:14:17+00:00,50.39
849,2017-08-04T04:19:04+00:00,49.85
850,2017-08-04T04:23:59+00:00,49.85
851,2017-08-04T04:28:54+00:00,51.07
852,2017-08-04T04:33:42+00:00,51.33
853,2017-08-04T04:38:34+00:00,49.34
854,2017-08-04T04:43:22+00:00,48.4
855,2017-08-04T04:48:24+00:00,48.28
856,2017-08-04T04:54:14+00:00,49.05
857,2017-08-04T04:58:57+00:00,50.85
858,2017-08-04T05:03:44+00:00,51.8
859,2017-08-04T05:08:18+00:00,53.78
860,2017-08-04T05:13:09+00:00,53.23
861,2017-08-04T05:17:48+00:00,52.47
862,2017-08-04T05:22:33+00:00,52.08
863,2017-08-04T05:27:06+00:00,52.33
864,2017-08-04T05:31:49+00:00,53.35
865,2017-08-04T05:36:29+00:00,54.28
866,2017-08-04T05:41:08+00:00,54.41
867,2017-08-04T05:45:42+00:00,54.41
868,2017-08-04T05:50:22+00:00,52.86
869,2017-08-04T05:55:01+00:00,51.64
870,2017-08-04T05:59:47+00:00,49.79
871,2017-08-04T06:04:22+00:00,49.79
872,2017-08-04T06:09:03+00:00,49.79
873,2017-08-04T06:13:47+00:00,49.79
874,2017-08-04T06:18:36+00:00,49.79
875,2017-08-04T06:23:21+00:00,50.72
876,2017-08-04T06:28:06+00:00,51.54
877,2017-08-04T06:32:49+00:00,51.54
878,2017-08-04T06:37:30+00:00,51.54
879,2017-08-04T06:42:17+00:00,51.54
880,2017-08-04T06:47:03+00:00,51.14
881,2017-08-04T06:51:51+00:00,50.76
882,2017-08-04T06:56:36+00:00,50.25
883,2017-08-04T07:01:39+00:00,49.87
884,2017-08-04T07:07:08+00:00,49.61
885,2017-08-04T07:12:35+00:00,49.61
886,2017-08-04T07:17:44+00:00,49.61
887,2017-08-04T07:22:51+00:00,50.0
888,2017-08-04T07:27:55+00:00,50.0
889,2017-08-04T07:32:54+00:00,50.0
890,2017-08-04T07:38:15+00:00,50.0
891,2017-08-04T07:43:20+00:00,50.0
892,2017-08-04T07:48:30+00:00,49.61
893,2017-08-04T07:53:30+00:00,49.35
894,2017-08-04T07:58:38+00:00,49.35
895,2017-08-04T08:03:52+00:00,48.71
896,2017-08-04T08:08:56+00:00,48.46
897,2017-08-04T08:13:58+00:00,48.2
898,2017-08-04T08:19:10+00:00,48.2
899,2017-08-04T08:24:16+00:00,48.2
900,2017-08-04T08:29:23+00:00,48.2
901,2017-08-04T08:34:26+00:00,48.2
902,2017-08-04T08:39:46+00:00,48.71
903,2017-08-04T08:44:49+00:00,49.49
904,2017-08-04T08:50:01+00:00,49.88
905,2017-08-04T08:55:13+00:00,50.41
906,2017-08-04T09:00:14+00:00,50.82
907,2017-08-04T09:05:23+00:00,51.33
908,2017-08-04T09:10:22+00:00,51.71
909,2017-08-04T09:15:31+00:00,52.09
910,2017-08-04T09:20:42+00:00,52.35
911,2017-08-04T09:25:56+00:00,52.48
912,2017-08-04T09:31:05+00:00,52.6
913,2017-08-04T09:36:06+00:00,52.73
914,2017-08-04T09:41:06+00:00,52.73
915,2017-08-04T09:46:12+00:00,52.73
916,2017-08-04T09:51:13+00:00,52.73
917,2017-08-04T09:56:27+00:00,52.73
918,2017-08-04T10:02:03+00:00,52.73
919,2017-08-04T10:07:38+00:00,52.73
920,2017-08-04T10:13:32+00:00,52.73
921,2017-08-04T10:18:57+00:00,52.73
922,2017-08-04T10:24:18+00:00,52.73
923,2017-08-04T10:29:38+00:00,52.73
924,2017-08-04T10:35:04+00:00,52.22
925,2017-08-04T10:40:21+00:00,52.22
926,2017-08-04T10:45:47+00:00,51.83
927,2017-08-04T10:51:09+00:00,51.58
928,2017-08-04T10:56:38+00:00,51.45
929,2017-08-04T11:01:55+00:00,51.45
930,2017-08-04T11:07:15+00:00,50.81
931,2017-08-04T11:12:56+00:00,50.3
932,2017-08-04T11:18:19+00:00,50.3
933,2017-08-04T11:23:55+00:00,50.3
934,2017-08-04T11:29:26+00:00,50.3
935,2017-08-04T11:34:48+00:00,47.19
936,2017-08-04T11:40:19+00:00,47.19
937,2017-08-04T11:46:03+00:00,47.19
938,2017-08-04T11:51:34+00:00,46.93
939,2017-08-04T11:56:58+00:00,46.93
940,2017-08-04T12:02:32+00:00,46.8
941,2017-08-04T12:08:02+00:00,46.3
942,2017-08-04T12:13:54+00:00,45.92
943,2017-08-04T12:19:49+00:00,43.54
944,2017-08-04T12:25:16+00:00,42.4
945,2017-08-04T12:30:37+00:00,42.14
946,2017-08-04T12:35:57+00:00,41.89
947,2017-08-04T12:42:00+00:00,41.76
948,2017-08-04T12:47:50+00:00,41.38
949,2017-08-04T12:53:17+00:00,41.26
950,2017-08-04T12:58:58+00:00,41.13
951,2017-08-04T13:04:14+00:00,41.0
952,2017-08-04T13:09:38+00:00,40.62
953,2017-08-04T13:15:25+00:00,40.37
954,2017-08-04T13:21:05+00:00,40.37
955,2017-08-04T13:26:46+00:00,39.99
956,2017-08-04T13:32:25+00:00,39.86
957,2017-08-04T13:37:44+00:00,39.34
958,2017-08-04T13:42:59+00:00,39.21
959,2017-08-04T13:48:24+00:00,39.09
960,2017-08-04T13:53:46+00:00,39.09
961,2017-08-04T13:59:10+00:00,38.69
962,2017-08-04T14:04:40+00:00,38.69
963,2017-08-04T14:09:49+00:00,36.79
964,2017-08-04T14:15:22+00:00,36.79
965,2017-08-04T14:20:52+00:00,36.53
966,2017-08-04T14:26:06+00:00,36.53
967,2017-08-04T14:31:18+00:00,36.41
968,2017-08-04T14:36:28+00:00,36.28
969,2017-08-04T14:41:51+00:00,36.28
970,2017-08-04T14:47:14+00:00,36.15
971,2017-08-04T14:53:00+00:00,36.15
972,2017-08-04T14:58:43+00:00,36.02
973,2017-08-04T15:04:43+00:00,35.13
974,2017-08-04T15:10:43+00:00,34.62
975,2017-08-04T15:16:37+00:00,34.49
976,2017-08-04T15:22:14+00:00,34.37
977,2017-08-04T15:27:59+00:00,34.11
978,2017-08-04T15:34:01+00:00,34.11
979,2017-08-04T15:39:47+00:00,34.11
980,2017-08-04T15:45:37+00:00,34.11
981,2017-08-04T15:51:29+00:00,34.11
982,2017-08-04T15:57:18+00:00,34.11
983,2017-08-04T16:02:46+00:00,34.11
984,2017-08-04T16:08:16+00:00,34.11
985,2017-08-04T16:13:47+00:00,34.11
986,2017-08-04T16:19:25+00:00,34.11
987,2017-08-04T16:24:49+00:00,34.11
988,2017-08-04T16:30:05+00:00,34.11
989,2017-08-04T16:35:36+00:00,34.11
990,2017-08-04T16:41:17+00:00,34.11
991,2017-08-04T16:46:39+00:00,34.11
992,2017-08-04T16:52:19+00:00,34.11
993,2017-08-04T16:57:51+00:00,34.11
994,2017-08-04T17:03:06+00:00,34.11
995,2017-08-04T17:09:11+00:00,34.11
996,2017-08-04T17:14:40+00:00,34.11
997,2017-08-04T17:20:05+00:00,34.11
998,2017-08-04T17:25:47+00:00,33.71
999,2017-08-04T17:31:17+00:00,33.71
1000,2017-08-04T17:37:12+00:00,33.32
1001,2017-08-04T17:42:43+00:00,33.19
1002,2017-08-04T17:48:16+00:00,33.19
1003,2017-08-04T17:54:08+00:00,33.19
1004,2017-08-04T17:59:47+00:00,33.19
1005,2017-08-04T18:05:45+00:00,33.19
1006,2017-08-04T18:10:55+00:00,33.7
1007,2017-08-04T18:16:08+00:00,33.96
1008,2017-08-04T18:21:29+00:00,33.96
1009,2017-08-04T18:26:49+00:00,34.35
1010,2017-08-04T18:32:03+00:00,34.86
1011,2017-08-04T18:37:17+00:00,34.99
1012,2017-08-04T18:42:26+00:00,35.37
1013,2017-08-04T18:47:49+00:00,35.9
1014,2017-08-04T18:53:13+00:00,35.9
1015,2017-08-04T18:58:38+00:00,35.9
1016,2017-08-04T19:03:59+00:00,35.9
1017,2017-08-04T19:09:07+00:00,36.02
1018,2017-08-04T19:14:24+00:00,36.28
1019,2017-08-04T19:19:38+00:00,36.28
1020,2017-08-04T19:24:57+00:00,36.92
1021,2017-08-04T19:30:16+00:00,36.92
1022,2017-08-04T19:35:23+00:00,36.67
1023,2017-08-04T19:40:32+00:00,37.05
1024,2017-08-04T19:45:43+00:00,37.97
1025,2017-08-04T19:51:21+00:00,38.61
1026,2017-08-04T19:56:40+00:00,39.0
1027,2017-08-04T20:02:01+00:00,39.0
1028,2017-08-04T20:07:19+00:00,39.0
1029,2017-08-04T20:12:51+00:00,39.0
1030,2017-08-04T20:18:29+00:00,39.0
1031,2017-08-04T20:23:58+00:00,39.0
1032,2017-08-04T20:29:59+00:00,39.0
1033,2017-08-04T20:35:32+00:00,39.39
1034,2017-08-04T20:41:00+00:00,39.39
1035,2017-08-04T20:46:21+00:00,39.78
1036,2017-08-04T20:51:55+00:00,40.05
1037,2017-08-04T20:57:42+00:00,40.18
1038,2017-08-04T21:03:00+00:00,40.58
1039,2017-08-04T21:08:28+00:00,40.98
1040,2017-08-04T21:13:49+00:00,41.24
1041,2017-08-04T21:19:03+00:00,41.76
1042,2017-08-04T21:24:21+00:00,41.88
1043,2017-08-04T21:29:31+00:00,41.75
1044,2017-08-04T21:34:54+00:00,40.94
1045,2017-08-04T21:40:10+00:00,40.51
1046,2017-08-04T21:45:56+00:00,40.24
1047,2017-08-04T21:51:27+00:00,39.86
1048,2017-08-04T21:56:55+00:00,39.6
1049,2017-08-04T22:02:20+00:00,39.34
1050,2017-08-04T22:07:31+00:00,39.09
1051,2017-08-04T22:12:54+00:00,38.32
1052,2017-08-04T22:18:12+00:00,38.07
1053,2017-08-04T22:23:29+00:00,37.55
1054,2017-08-04T22:28:43+00:00,37.55
1055,2017-08-04T22:34:16+00:00,37.3
1056,2017-08-04T22:39:24+00:00,37.03
1057,2017-08-04T22:44:37+00:00,36.64
1058,2017-08-04T22:49:51+00:00,36.51
1059,2017-08-04T22:55:02+00:00,36.25
1060,2017-08-04T23:00:15+00:00,35.86
1061,2017-08-04T23:05:30+00:00,35.86
1062,2017-08-04T23:10:51+00:00,35.6
1063,2017-08-04T23:16:17+00:00,35.6
1064,2017-08-04T23:21:34+00:00,35.6
1065,2017-08-04T23:27:15+00:00,35.6
1066,2017-08-04T23:32:34+00:00,35.6
1067,2017-08-04T23:38:02+00:00,35.6
1068,2017-08-04T23:43:14+00:00,35.6
1069,2017-08-04T23:48:25+00:00,35.6
1070,2017-08-04T23:53:43+00:00,36.0
1071,2017-08-04T23:59:28+00:00,37.3
1072,2017-08-05T00:04:52+00:00,37.82
1073,2017-08-05T00:10:09+00:00,38.5
1074,2017-08-05T00:15:19+00:00,38.5
1075,2017-08-05T00:20:35+00:00,38.89
1076,2017-08-05T00:26:04+00:00,39.14
1077,2017-08-05T00:31:51+00:00,39.14
1078,2017-08-05T00:37:16+00:00,39.27
1079,2017-08-05T00:42:30+00:00,40.08
1080,2017-08-05T00:48:03+00:00,40.34
1081,2017-08-05T00:53:25+00:00,40.61
1082,2017-08-05T00:59:09+00:00,40.61
1083,2017-08-05T01:05:10+00:00,41.0
1084,2017-08-05T01:10:27+00:00,41.27
1085,2017-08-05T01:16:08+00:00,41.52
1086,2017-08-05T01:21:29+00:00,41.52
1087,2017-08-05T01:27:23+00:00,42.3
1088,2017-08-05T01:32:39+00:00,43.36
1089,2017-08-05T01:37:57+00:00,44.51
1090,2017-08-05T01:43:39+00:00,44.64
1091,2017-08-05T01:49:03+00:00,44.77
1092,2017-08-05T01:54:22+00:00,45.02
1093,2017-08-05T01:59:34+00:00,45.02
1094,2017-08-05T02:05:10+00:00,45.15
1095,2017-08-05T02:10:43+00:00,45.54
1096,2017-08-05T02:16:05+00:00,45.81
1097,2017-08-05T02:21:44+00:00,46.97
1098,2017-08-05T02:26:56+00:00,47.48
1099,2017-08-05T02:32:37+00:00,47.73
1100,2017-08-05T02:37:50+00:00,48.38
1101,2017-08-05T02:43:21+00:00,48.63
1102,2017-08-05T02:49:07+00:00,48.63
1103,2017-08-05T02:54:19+00:00,49.02
1104,2017-08-05T03:00:12+00:00,49.15
1105,2017-08-05T03:05:44+00:00,49.66
1106,2017-08-05T03:11:04+00:00,49.66
1107,2017-08-05T03:16:46+00:00,49.66
1108,2017-08-05T03:22:19+00:00,49.66
1109,2017-08-05T03:27:54+00:00,49.66
1110,2017-08-05T03:33:08+00:00,49.66
1111,2017-08-05T03:38:38+00:00,49.15
1112,2017-08-05T03:44:05+00:00,49.15
1113,2017-08-05T03:49:30+00:00,48.64
1114,2017-08-05T03:54:43+00:00,48.38
1115,2017-08-05T03:59:59+00:00,47.87
1116,2017-08-05T04:05:22+00:00,49.92
1117,2017-08-05T04:10:56+00:00,50.43
1118,2017-08-05T04:16:28+00:00,51.08
1119,2017-08-05T04:21:50+00:00,51.08
1120,2017-08-05T04:27:25+00:00,50.83
1121,2017-08-05T04:33:05+00:00,50.31
1122,2017-08-05T04:38:40+00:00,49.27
1123,2017-08-05T04:44:20+00:00,48.89
1124,2017-08-05T04:50:00+00:00,48.38
1125,2017-08-05T04:56:43+00:00,46.83
1126,2017-08-05T05:01:59+00:00,46.57
1127,2017-08-05T05:07:10+00:00,46.57
1128,2017-08-05T05:12:35+00:00,46.45
1129,2017-08-05T05:17:59+00:00,45.94
1130,2017-08-05T05:22:50+00:00,45.3
1131,2017-08-05T05:27:36+00:00,44.9
1132,2017-08-05T05:32:17+00:00,44.64
1133,2017-08-05T05:37:02+00:00,44.38
1134,2017-08-05T05:41:47+00:00,44.0
1135,2017-08-05T05:46:42+00:00,43.88
1136,2017-08-05T05:51:30+00:00,43.75
1137,2017-08-05T05:56:26+00:00,43.75
1138,2017-08-05T06:01:16+00:00,43.5
1139,2017-08-05T06:06:04+00:00,43.37
1140,2017-08-05T06:10:47+00:00,43.12
1141,2017-08-05T06:15:29+00:00,43.12
1142,2017-08-05T06:20:15+00:00,43.12
1143,2017-08-05T06:25:01+00:00,42.99
1144,2017-08-05T06:29:51+00:00,42.99
1145,2017-08-05T06:34:40+00:00,42.99
1146,2017-08-05T06:39:29+00:00,42.99
1147,2017-08-05T06:44:16+00:00,42.99
1148,2017-08-05T06:49:08+00:00,42.99
1149,2017-08-05T06:53:55+00:00,42.99
1150,2017-08-05T06:58:49+00:00,42.99
1151,2017-08-05T07:03:35+00:00,41.91
1152,2017-08-05T07:08:19+00:00,41.91
1153,2017-08-05T07:13:15+00:00,41.91
1154,2017-08-05T07:18:05+00:00,41.91
1155,2017-08-05T07:22:54+00:00,41.91
1156,2017-08-05T07:27:43+00:00,41.91
1157,2017-08-05T07:32:27+00:00,41.91
1158,2017-08-05T07:37:11+00:00,41.91
1159,2017-08-05T07:41:52+00:00,41.91
1160,2017-08-05T07:46:44+00:00,41.91
1161,2017-08-05T07:51:35+00:00,41.91
1162,2017-08-05T07:56:17+00:00,41.91
1163,2017-08-05T08:01:08+00:00,41.91
1164,2017-08-05T08:05:48+00:00,41.91
1165,2017-08-05T08:10:44+00:00,41.91
1166,2017-08-05T08:15:26+00:00,41.91
1167,2017-08-05T08:20:10+00:00,41.91
1168,2017-08-05T08:25:01+00:00,41.91
1169,2017-08-05T08:29:42+00:00,41.91
1170,2017-08-05T08:34:28+00:00,41.91
1171,2017-08-05T08:39:18+00:00,41.91
1172,2017-08-05T08:44:16+00:00,41.79
1173,2017-08-05T08:49:06+00:00,41.53
1174,2017-08-05T08:54:00+00:00,41.27
1175,2017-08-05T08:58:51+00:00,41.14
1176,2017-08-05T09:03:43+00:00,40.88
1177,2017-08-05T09:08:35+00:00,40.63
1178,2017-08-05T09:13:25+00:00,40.5
1179,2017-08-05T09:18:15+00:00,40.25
1180,2017-08-05T09:23:03+00:00,40.25
1181,2017-08-05T09:27:55+00:00,40.25
1182,2017-08-05T09:32:47+00:00,40.25
1183,2017-08-05T09:37:38+00:00,40.25
1184,2017-08-05T09:42:24+00:00,40.25
1185,2017-08-05T09:47:08+00:00,40.25
1186,2017-08-05T09:52:03+00:00,40.25
1187,2017-08-05T09:56:53+00:00,40.25
1188,2017-08-05T10:01:50+00:00,40.25
1189,2017-08-05T10:06:47+00:00,40.25
1190,2017-08-05T10:11:37+00:00,40.25
1191,2017-08-05T10:16:20+00:00,40.25
1192,2017-08-05T10:21:17+00:00,40.25
1193,2017-08-05T10:26:06+00:00,40.0
1194,2017-08-05T10:30:54+00:00,40.0
1195,2017-08-05T10:35:43+00:00,40.0
1196,2017-08-05T10:40:38+00:00,40.0
1197,2017-08-05T10:45:31+00:00,40.0
1198,2017-08-05T10:50:28+00:00,40.0
1199,2017-08-05T10:55:26+00:00,40.0
1200,2017-08-05T11:00:18+00:00,40.0
1201,2017-08-05T11:05:09+00:00,40.0
1202,2017-08-05T11:10:12+00:00,40.0
1203,2017-08-05T11:15:06+00:00,40.0
1204,2017-08-05T11:19:54+00:00,40.0
1205,2017-08-05T11:24:56+00:00,40.0
1206,2017-08-05T11:29:48+00:00,40.0
1207,2017-08-05T11:34:40+00:00,40.0
1208,2017-08-05T11:39:34+00:00,40.0
1209,2017-08-05T11:44:27+00:00,40.0
1210,2017-08-05T11:49:20+00:00,40.0
1211,2017-08-05T11:54:17+00:00,40.0
1212,2017-08-05T11:59:03+00:00,40.0
1213,2017-08-05T12:03:55+00:00,39.74
1214,2017-08-05T12:08:44+00:00,39.74
1215,2017-08-05T12:13:29+00:00,39.74
1216,2017-08-05T12:18:32+00:00,39.74
1217,2017-08-05T12:23:21+00:00,39.74
1218,2017-08-05T12:28:09+00:00,39.74
1219,2017-08-05T12:32:59+00:00,39.74
1220,2017-08-05T12:37:52+00:00,39.74
1221,2017-08-05T12:42:45+00:00,39.74
1222,2017-08-05T12:47:36+00:00,39.74
1223,2017-08-05T12:52:33+00:00,39.74
1224,2017-08-05T12:57:25+00:00,39.74
1225,2017-08-05T13:02:18+00:00,39.74
1226,2017-08-05T13:07:09+00:00,39.74
1227,2017-08-05T13:11:56+00:00,39.74
1228,2017-08-05T13:16:41+00:00,39.74
1229,2017-08-05T13:21:31+00:00,39.74
1230,2017-08-05T13:26:16+00:00,39.74
1231,2017-08-05T13:30:56+00:00,39.74
1232,2017-08-05T13:35:31+00:00,39.74
1233,2017-08-05T13:40:15+00:00,39.74
1234,2017-08-05T13:44:58+00:00,39.74
1235,2017-08-05T13:49:31+00:00,39.74
1236,2017-08-05T13:54:10+00:00,39.74
1237,2017-08-05T13:58:51+00:00,39.74
1238,2017-08-05T14:03:29+00:00,39.74
1239,2017-08-05T14:08:18+00:00,39.74
1240,2017-08-05T14:13:05+00:00,39.74
1241,2017-08-05T14:17:52+00:00,39.74
1242,2017-08-05T14:22:38+00:00,39.74
1243,2017-08-05T14:27:25+00:00,39.74
1244,2017-08-05T14:32:13+00:00,39.74
1245,2017-08-05T14:37:02+00:00,39.74
1246,2017-08-05T14:41:49+00:00,39.74
1247,2017-08-05T14:46:36+00:00,39.74
1248,2017-08-05T14:51:16+00:00,39.74
1249,2017-08-05T14:56:10+00:00,39.74
1250,2017-08-05T15:01:04+00:00,39.74
1251,2017-08-05T15:05:57+00:00,39.74
1252,2017-08-05T15:10:32+00:00,39.74
1253,2017-08-05T15:15:20+00:00,39.61
1254,2017-08-05T15:20:06+00:00,39.61
1255,2017-08-05T15:24:53+00:00,39.61
1256,2017-08-05T15:29:44+00:00,39.61
1257,2017-08-05T15:34:26+00:00,39.61
1258,2017-08-05T15:39:13+00:00,39.61
1259,2017-08-05T15:44:05+00:00,39.61
1260,2017-08-05T15:48:57+00:00,39.61
1261,2017-08-05T15:53:48+00:00,39.48
1262,2017-08-05T15:58:29+00:00,39.36
1263,2017-08-05T16:03:11+00:00,39.36
1264,2017-08-05T16:07:49+00:00,39.23
1265,2017-08-05T16:12:39+00:00,39.23
1266,2017-08-05T16:17:20+00:00,39.23
1267,2017-08-05T16:22:12+00:00,38.72
1268,2017-08-05T16:26:58+00:00,38.6
1269,2017-08-05T16:31:45+00:00,38.6
1270,2017-08-05T16:36:27+00:00,38.6
1271,2017-08-05T16:41:12+00:00,38.6
1272,2017-08-05T16:45:57+00:00,38.6
1273,2017-08-05T16:50:47+00:00,38.6
1274,2017-08-05T16:55:31+00:00,38.47
1275,2017-08-05T17:00:13+00:00,38.47
1276,2017-08-05T17:04:56+00:00,38.47
1277,2017-08-05T17:09:51+00:00,38.47
1278,2017-08-05T17:14:40+00:00,38.47
1279,2017-08-05T17:19:37+00:00,38.47
1280,2017-08-05T17:24:24+00:00,38.47
1281,2017-08-05T17:29:11+00:00,38.47
1282,2017-08-05T17:33:51+00:00,38.47
1283,2017-08-05T17:38:44+00:00,38.47
1284,2017-08-05T17:43:25+00:00,38.47
1285,2017-08-05T17:48:13+00:00,38.47
1286,2017-08-05T17:53:06+00:00,38.47
1287,2017-08-05T17:57:49+00:00,38.47
1288,2017-08-05T18:02:41+00:00,38.47
1289,2017-08-05T18:07:20+00:00,38.47
1290,2017-08-05T18:11:55+00:00,39.14
1291,2017-08-05T18:16:38+00:00,39.14
1292,2017-08-05T18:21:24+00:00,39.14
1293,2017-08-05T18:26:10+00:00,39.79
1294,2017-08-05T18:30:58+00:00,40.76
1295,2017-08-05T18:35:40+00:00,41.53
1296,2017-08-05T18:40:28+00:00,42.59
1297,2017-08-05T18:45:15+00:00,43.84
1298,2017-08-05T18:50:07+00:00,45.04
1299,2017-08-05T18:54:53+00:00,46.2
1300,2017-08-05T18:59:42+00:00,46.33
1301,2017-08-05T19:04:24+00:00,47.24
1302,2017-08-05T19:09:08+00:00,48.14
1303,2017-08-05T19:13:59+00:00,49.32
1304,2017-08-05T19:18:52+00:00,50.24
1305,2017-08-05T19:23:32+00:00,51.15
1306,2017-08-05T19:28:18+00:00,51.41
1307,2017-08-05T19:32:58+00:00,51.66
1308,2017-08-05T19:37:39+00:00,52.18
1309,2017-08-05T19:42:30+00:00,52.18
1310,2017-08-05T19:47:18+00:00,52.18
1311,2017-08-05T19:51:59+00:00,52.18
1312,2017-08-05T19:56:39+00:00,51.79
1313,2017-08-05T20:01:25+00:00,50.62
1314,2017-08-05T20:06:12+00:00,50.36
1315,2017-08-05T20:10:55+00:00,50.23
1316,2017-08-05T20:15:35+00:00,50.23
1317,2017-08-05T20:20:08+00:00,50.23
1318,2017-08-05T20:24:46+00:00,50.23
1319,2017-08-05T20:29:34+00:00,50.36
1320,2017-08-05T20:34:16+00:00,50.36
1321,2017-08-05T20:38:53+00:00,50.36
1322,2017-08-05T20:43:35+00:00,49.98
1323,2017-08-05T20:48:11+00:00,48.44
1324,2017-08-05T20:52:48+00:00,48.44
1325,2017-08-05T20:57:26+00:00,48.44
1326,2017-08-05T21:02:07+00:00,48.31
1327,2017-08-05T21:06:52+00:00,48.31
1328,2017-08-05T21:11:37+00:00,48.31
1329,2017-08-05T21:16:19+00:00,48.31
1330,2017-08-05T21:21:06+00:00,48.31
1331,2017-08-05T21:25:54+00:00,49.07
1332,2017-08-05T21:30:37+00:00,49.07
1333,2017-08-05T21:35:23+00:00,48.06
1334,2017-08-05T21:40:04+00:00,47.93
1335,2017-08-05T21:44:57+00:00,47.54
1336,2017-08-05T21:49:41+00:00,47.54
1337,2017-08-05T21:54:23+00:00,47.54
1338,2017-08-05T21:58:59+00:00,47.54
1339,2017-08-05T22:03:45+00:00,47.54
1340,2017-08-05T22:08:32+00:00,47.03
1341,2017-08-05T22:13:17+00:00,46.9
1342,2017-08-05T22:17:54+00:00,46.78
1343,2017-08-05T22:22:39+00:00,46.78
1344,2017-08-05T22:27:19+00:00,46.78
1345,2017-08-05T22:32:05+00:00,46.39
1346,2017-08-05T22:36:48+00:00,46.39
1347,2017-08-05T22:41:33+00:00,46.26
1348,2017-08-05T22:46:22+00:00,45.87
1349,2017-08-05T22:51:17+00:00,45.87
1350,2017-08-05T22:55:58+00:00,46.4
1351,2017-08-05T23:00:35+00:00,46.92
1352,2017-08-05T23:05:20+00:00,47.45
1353,2017-08-05T23:09:59+00:00,47.45
1354,2017-08-05T23:14:57+00:00,47.45
1355,2017-08-05T23:19:52+00:00,47.45
1356,2017-08-05T23:24:39+00:00,47.45
1357,2017-08-05T23:29:34+00:00,47.45
1358,2017-08-05T23:34:26+00:00,47.2
1359,2017-08-05T23:39:10+00:00,46.56
1360,2017-08-05T23:44:02+00:00,46.56
1361,2017-08-05T23:48:54+00:00,46.56
1362,2017-08-05T23:53:37+00:00,46.96
1363,2017-08-05T23:58:26+00:00,47.21
1364,2017-08-06T00:03:18+00:00,47.47
1365,2017-08-06T00:08:05+00:00,47.47
1366,2017-08-06T00:12:46+00:00,47.73
1367,2017-08-06T00:17:39+00:00,47.73
1368,2017-08-06T00:22:18+00:00,47.73
1369,2017-08-06T00:27:17+00:00,46.96
1370,2017-08-06T00:32:03+00:00,46.83
1371,2017-08-06T00:36:47+00:00,46.19
1372,2017-08-06T00:41:45+00:00,46.19
1373,2017-08-06T00:46:23+00:00,46.19
1374,2017-08-06T00:51:05+00:00,46.19
1375,2017-08-06T00:55:48+00:00,47.38
1376,2017-08-06T01:00:35+00:00,47.63
1377,2017-08-06T01:05:21+00:00,47.76
1378,2017-08-06T01:10:08+00:00,48.81
1379,2017-08-06T01:14:51+00:00,48.81
1380,2017-08-06T01:19:44+00:00,48.81
1381,2017-08-06T01:24:22+00:00,48.81
1382,2017-08-06T01:29:13+00:00,48.55
1383,2017-08-06T01:34:08+00:00,48.55
1384,2017-08-06T01:39:05+00:00,48.55
1385,2017-08-06T01:44:00+00:00,48.55
1386,2017-08-06T01:48:57+00:00,49.06
1387,2017-08-06T01:53:39+00:00,49.45
1388,2017-08-06T01:58:25+00:00,50.09
1389,2017-08-06T02:03:22+00:00,50.34
1390,2017-08-06T02:08:07+00:00,50.34
1391,2017-08-06T02:12:51+00:00,50.34
1392,2017-08-06T02:17:46+00:00,50.34
1393,2017-08-06T02:22:41+00:00,50.61
1394,2017-08-06T02:27:29+00:00,50.74
1395,2017-08-06T02:32:21+00:00,50.74
1396,2017-08-06T02:37:03+00:00,50.86
1397,2017-08-06T02:41:57+00:00,50.86
1398,2017-08-06T02:46:46+00:00,51.12
1399,2017-08-06T02:51:42+00:00,51.25
1400,2017-08-06T02:56:33+00:00,51.25
1401,2017-08-06T03:01:22+00:00,51.63
1402,2017-08-06T03:06:04+00:00,52.01
1403,2017-08-06T03:10:50+00:00,52.4
1404,2017-08-06T03:15:45+00:00,52.4
1405,2017-08-06T03:20:35+00:00,52.4
1406,2017-08-06T03:25:23+00:00,52.4
1407,2017-08-06T03:30:16+00:00,52.79
1408,2017-08-06T03:35:09+00:00,53.42
1409,2017-08-06T03:39:58+00:00,53.42
1410,2017-08-06T03:44:47+00:00,53.55
1411,2017-08-06T03:49:31+00:00,53.8
1412,2017-08-06T03:54:22+00:00,53.8
1413,2017-08-06T03:59:08+00:00,53.8
1414,2017-08-06T04:03:58+00:00,53.8
1415,2017-08-06T04:08:47+00:00,53.8
1416,2017-08-06T04:13:28+00:00,53.8
1417,2017-08-06T04:18:07+00:00,53.8
1418,2017-08-06T04:22:49+00:00,53.8
1419,2017-08-06T04:27:31+00:00,53.8
1420,2017-08-06T04:32:05+00:00,53.8
1421,2017-08-06T04:36:38+00:00,53.8
1422,2017-08-06T04:41:10+00:00,53.8
1423,2017-08-06T04:46:02+00:00,53.8
1424,2017-08-06T04:50:47+00:00,53.42
1425,2017-08-06T04:56:00+00:00,53.04
1426,2017-08-06T05:00:50+00:00,53.04
1427,2017-08-06T05:05:25+00:00,53.04
1428,2017-08-06T05:10:11+00:00,53.04
1429,2017-08-06T05:15:00+00:00,53.04
1430,2017-08-06T05:19:52+00:00,52.38
1431,2017-08-06T05:24:35+00:00,52.13
1432,2017-08-06T05:29:17+00:00,51.87
1433,2017-08-06T05:34:10+00:00,51.36
1434,2017-08-06T05:38:48+00:00,51.36
1435,2017-08-06T05:43:30+00:00,51.36
1436,2017-08-06T05:48:09+00:00,51.36
1437,2017-08-06T05:52:52+00:00,51.36
1438,2017-08-06T05:57:31+00:00,51.36
1439,2017-08-06T06:02:21+00:00,51.36
1440,2017-08-06T06:07:07+00:00,50.98
1441,2017-08-06T06:11:53+00:00,50.72
1442,2017-08-06T06:16:40+00:00,50.72
1443,2017-08-06T06:21:24+00:00,50.72
1444,2017-08-06T06:26:08+00:00,50.34
1445,2017-08-06T06:30:58+00:00,50.21
1446,2017-08-06T06:35:39+00:00,50.21
1447,2017-08-06T06:40:25+00:00,50.21
1448,2017-08-06T06:45:11+00:00,49.31
1449,2017-08-06T06:50:01+00:00,49.31
1450,2017-08-06T06:54:46+00:00,49.31
1451,2017-08-06T06:59:40+00:00,49.31
1452,2017-08-06T07:04:34+00:00,49.04
1453,2017-08-06T07:09:23+00:00,49.04
1454,2017-08-06T07:14:17+00:00,49.04
1455,2017-08-06T07:19:19+00:00,49.04
1456,2017-08-06T07:24:16+00:00,49.04
1457,2017-08-06T07:29:11+00:00,49.04
1458,2017-08-06T07:34:07+00:00,49.04
1459,2017-08-06T07:39:08+00:00,48.92
1460,2017-08-06T07:44:11+00:00,48.79
1461,2017-08-06T07:49:11+00:00,48.4
1462,2017-08-06T07:54:03+00:00,48.02
1463,2017-08-06T07:59:01+00:00,48.02
1464,2017-08-06T08:03:59+00:00,47.9
1465,2017-08-06T08:08:58+00:00,47.51
1466,2017-08-06T08:13:57+00:00,47.25
1467,2017-08-06T08:18:47+00:00,47.12
1468,2017-08-06T08:23:50+00:00,46.48
1469,2017-08-06T08:28:41+00:00,46.48
1470,2017-08-06T08:33:34+00:00,46.23
1471,2017-08-06T08:38:35+00:00,46.23
1472,2017-08-06T08:43:32+00:00,46.23
1473,2017-08-06T08:48:24+00:00,46.23
1474,2017-08-06T08:53:25+00:00,46.23
1475,2017-08-06T08:58:18+00:00,46.23
1476,2017-08-06T09:03:25+00:00,46.23
1477,2017-08-06T09:08:12+00:00,45.97
1478,2017-08-06T09:12:57+00:00,45.85
1479,2017-08-06T09:17:36+00:00,45.72
1480,2017-08-06T09:22:18+00:00,45.72
1481,2017-08-06T09:26:59+00:00,45.47
1482,2017-08-06T09:31:43+00:00,44.95
1483,2017-08-06T09:36:33+00:00,44.95
1484,2017-08-06T09:41:20+00:00,44.95
1485,2017-08-06T09:46:09+00:00,44.95
1486,2017-08-06T09:51:03+00:00,44.69
1487,2017-08-06T09:55:47+00:00,44.69
1488,2017-08-06T10:00:36+00:00,44.56
1489,2017-08-06T10:05:21+00:00,44.3
1490,2017-08-06T10:10:13+00:00,44.3
1491,2017-08-06T10:15:04+00:00,44.3
1492,2017-08-06T10:19:57+00:00,44.05
1493,2017-08-06T10:24:50+00:00,44.05
1494,2017-08-06T10:29:42+00:00,44.05
1495,2017-08-06T10:34:36+00:00,43.79
1496,2017-08-06T10:39:22+00:00,43.79
1497,2017-08-06T10:44:14+00:00,43.66
1498,2017-08-06T10:49:10+00:00,43.66
1499,2017-08-06T10:54:04+00:00,43.53
1500,2017-08-06T10:58:43+00:00,43.53
1501,2017-08-06T11:03:30+00:00,43.41
1502,2017-08-06T11:08:23+00:00,43.28
1503,2017-08-06T11:13:19+00:00,43.15
1504,2017-08-06T11:18:09+00:00,42.89
1505,2017-08-06T11:22:59+00:00,42.62
1506,2017-08-06T11:27:40+00:00,42.62
1507,2017-08-06T11:32:25+00:00,42.62
1508,2017-08-06T11:37:21+00:00,42.24
1509,2017-08-06T11:42:12+00:00,41.99
1510,2017-08-06T11:47:07+00:00,41.99
1511,2017-08-06T11:51:53+00:00,41.99
1512,2017-08-06T11:56:41+00:00,41.99
1513,2017-08-06T12:01:26+00:00,41.99
1514,2017-08-06T12:06:20+00:00,41.99
1515,2017-08-06T12:11:04+00:00,41.99
1516,2017-08-06T12:15:49+00:00,41.99
1517,2017-08-06T12:20:31+00:00,41.99
1518,2017-08-06T12:25:18+00:00,41.99
1519,2017-08-06T12:30:16+00:00,41.99
1520,2017-08-06T12:35:03+00:00,41.99
1521,2017-08-06T12:39:48+00:00,41.99
1522,2017-08-06T12:44:37+00:00,41.99
1523,2017-08-06T12:49:24+00:00,41.99
1524,2017-08-06T12:54:15+00:00,41.99
1525,2017-08-06T12:59:13+00:00,41.99
1526,2017-08-06T13:04:09+00:00,41.99
1527,2017-08-06T13:09:03+00:00,41.73
1528,2017-08-06T13:13:46+00:00,41.73
1529,2017-08-06T13:18:41+00:00,41.73
1530,2017-08-06T13:23:29+00:00,41.73
1531,2017-08-06T13:28:28+00:00,41.73
1532,2017-08-06T13:33:06+00:00,41.73
1533,2017-08-06T13:37:49+00:00,41.73
1534,2017-08-06T13:42:38+00:00,41.73
1535,2017-08-06T13:47:32+00:00,41.73
1536,2017-08-06T13:52:10+00:00,41.73
1537,2017-08-06T13:57:02+00:00,41.48
1538,2017-08-06T14:01:52+00:00,41.48
1539,2017-08-06T14:06:51+00:00,41.48
1540,2017-08-06T14:11:39+00:00,41.48
1541,2017-08-06T14:16:29+00:00,41.48
1542,2017-08-06T14:21:20+00:00,41.48
1543,2017-08-06T14:26:15+00:00,41.48
1544,2017-08-06T14:31:00+00:00,41.48
1545,2017-08-06T14:35:47+00:00,41.48
1546,2017-08-06T14:40:38+00:00,41.48
1547,2017-08-06T14:45:20+00:00,41.48
1548,2017-08-06T14:50:06+00:00,41.35
1549,2017-08-06T14:54:56+00:00,41.35
1550,2017-08-06T14:59:45+00:00,41.35
1551,2017-08-06T15:04:53+00:00,41.35
1552,2017-08-06T15:09:47+00:00,41.35
1553,2017-08-06T15:14:47+00:00,41.35
1554,2017-08-06T15:19:36+00:00,41.35
1555,2017-08-06T15:24:20+00:00,41.35
1556,2017-08-06T15:29:13+00:00,41.35
1557,2017-08-06T15:34:01+00:00,41.35
1558,2017-08-06T15:38:58+00:00,41.35
1559,2017-08-06T15:43:50+00:00,41.35
1560,2017-08-06T15:48:47+00:00,41.35
1561,2017-08-06T15:53:44+00:00,41.35
1562,2017-08-06T15:58:32+00:00,41.35
1563,2017-08-06T16:03:25+00:00,41.35
1564,2017-08-06T16:08:18+00:00,41.1
1565,2017-08-06T16:13:09+00:00,41.1
1566,2017-08-06T16:18:00+00:00,40.59
1567,2017-08-06T16:22:45+00:00,40.59
1568,2017-08-06T16:27:37+00:00,40.46
1569,2017-08-06T16:32:28+00:00,40.33
1570,2017-08-06T16:37:09+00:00,40.07
1571,2017-08-06T16:42:01+00:00,39.81
1572,2017-08-06T16:46:57+00:00,39.81
1573,2017-08-06T16:51:47+00:00,39.81
1574,2017-08-06T16:56:36+00:00,39.81
1575,2017-08-06T17:01:22+00:00,39.81
1576,2017-08-06T17:06:14+00:00,39.81
1577,2017-08-06T17:11:16+00:00,39.81
1578,2017-08-06T17:16:10+00:00,39.81
1579,2017-08-06T17:20:57+00:00,39.81
1580,2017-08-06T17:25:54+00:00,39.81
1581,2017-08-06T17:30:40+00:00,39.81
1582,2017-08-06T17:35:36+00:00,39.81
1583,2017-08-06T17:40:16+00:00,40.47
1584,2017-08-06T17:44:56+00:00,40.47
1585,2017-08-06T17:49:42+00:00,40.99
1586,2017-08-06T17:54:33+00:00,41.11
1587,2017-08-06T17:59:24+00:00,41.37
1588,2017-08-06T18:04:21+00:00,41.75
1589,2017-08-06T18:09:13+00:00,41.88
1590,2017-08-06T18:14:06+00:00,42.39
1591,2017-08-06T18:19:01+00:00,42.52
1592,2017-08-06T18:23:44+00:00,42.52
1593,2017-08-06T18:28:37+00:00,42.9
1594,2017-08-06T18:33:19+00:00,43.16
1595,2017-08-06T18:38:10+00:00,43.54
1596,2017-08-06T18:43:01+00:00,43.54
1597,2017-08-06T18:47:53+00:00,43.67
1598,2017-08-06T18:52:45+00:00,44.32
1599,2017-08-06T18:57:34+00:00,44.83
1600,2017-08-06T19:02:29+00:00,44.83
1601,2017-08-06T19:07:16+00:00,45.09
1602,2017-08-06T19:12:09+00:00,45.73
1603,2017-08-06T19:16:59+00:00,45.86
1604,2017-08-06T19:21:45+00:00,46.5
1605,2017-08-06T19:26:38+00:00,46.5
1606,2017-08-06T19:31:40+00:00,46.5
1607,2017-08-06T19:36:30+00:00,46.62
1608,2017-08-06T19:41:18+00:00,46.62
1609,2017-08-06T19:46:22+00:00,46.62
1610,2017-08-06T19:51:11+00:00,46.24
1611,2017-08-06T19:56:03+00:00,45.73
1612,2017-08-06T20:00:50+00:00,45.73
1613,2017-08-06T20:05:54+00:00,45.73
1614,2017-08-06T20:10:52+00:00,45.73
1615,2017-08-06T20:15:50+00:00,45.73
1616,2017-08-06T20:20:43+00:00,46.63
1617,2017-08-06T20:25:30+00:00,46.89
1618,2017-08-06T20:30:19+00:00,47.52
1619,2017-08-06T20:35:14+00:00,48.16
1620,2017-08-06T20:40:06+00:00,49.18
1621,2017-08-06T20:44:56+00:00,49.44
1622,2017-08-06T20:49:39+00:00,50.07
1623,2017-08-06T20:54:42+00:00,51.5
1624,2017-08-06T20:59:39+00:00,51.5
1625,2017-08-06T21:04:25+00:00,51.5
1626,2017-08-06T21:09:15+00:00,51.5
1627,2017-08-06T21:14:08+00:00,51.75
1628,2017-08-06T21:18:56+00:00,51.22
1629,2017-08-06T21:23:45+00:00,50.44
1630,2017-08-06T21:28:36+00:00,50.44
1631,2017-08-06T21:33:29+00:00,50.06
1632,2017-08-06T21:38:24+00:00,49.8
1633,2017-08-06T21:43:08+00:00,49.42
1634,2017-08-06T21:48:12+00:00,48.75
1635,2017-08-06T21:53:02+00:00,47.98
1636,2017-08-06T21:57:53+00:00,47.21
1637,2017-08-06T22:02:48+00:00,46.95
1638,2017-08-06T22:07:35+00:00,46.95
1639,2017-08-06T22:12:26+00:00,46.95
1640,2017-08-06T22:17:13+00:00,46.95
1641,2017-08-06T22:22:04+00:00,47.35
1642,2017-08-06T22:27:04+00:00,47.35
1643,2017-08-06T22:31:49+00:00,46.31
1644,2017-08-06T22:36:48+00:00,45.28
1645,2017-08-06T22:41:38+00:00,44.62
1646,2017-08-06T22:46:22+00:00,44.36
1647,2017-08-06T22:51:00+00:00,44.11
1648,2017-08-06T22:55:47+00:00,44.11
1649,2017-08-06T23:00:40+00:00,44.11
1650,2017-08-06T23:05:32+00:00,43.47
1651,2017-08-06T23:10:19+00:00,44.15
1652,2017-08-06T23:15:13+00:00,44.98
1653,2017-08-06T23:20:01+00:00,46.21
1654,2017-08-06T23:24:51+00:00,47.12
1655,2017-08-06T23:29:42+00:00,47.12
1656,2017-08-06T23:34:28+00:00,47.12
1657,2017-08-06T23:39:07+00:00,47.12
1658,2017-08-06T23:44:00+00:00,47.64
1659,2017-08-06T23:48:58+00:00,48.02
1660,2017-08-06T23:53:36+00:00,48.02
1661,2017-08-06T23:58:24+00:00,48.55
1662,2017-08-07T00:03:09+00:00,47.21
1663,2017-08-07T00:07:53+00:00,46.55
1664,2017-08-07T00:12:47+00:00,45.91
1665,2017-08-07T00:17:40+00:00,45.91
1666,2017-08-07T00:22:31+00:00,45.91
1667,2017-08-07T00:27:25+00:00,46.8
1668,2017-08-07T00:32:28+00:00,47.18
1669,2017-08-07T00:37:26+00:00,48.58
1670,2017-08-07T00:42:26+00:00,49.68
1671,2017-08-07T00:47:12+00:00,49.68
1672,2017-08-07T00:52:04+00:00,49.55
1673,2017-08-07T00:56:57+00:00,48.53
1674,2017-08-07T01:01:57+00:00,47.49
1675,2017-08-07T01:06:58+00:00,46.84
1676,2017-08-07T01:11:50+00:00,46.46
1677,2017-08-07T01:16:37+00:00,46.46
1678,2017-08-07T01:21:50+00:00,48.24
1679,2017-08-07T01:26:33+00:00,49.54
1680,2017-08-07T01:31:27+00:00,49.68
1681,2017-08-07T01:36:17+00:00,49.93
1682,2017-08-07T01:41:20+00:00,50.2
1683,2017-08-07T01:46:22+00:00,50.76
1684,2017-08-07T01:51:17+00:00,50.76
1685,2017-08-07T01:55:57+00:00,50.51
1686,2017-08-07T02:00:51+00:00,49.55
1687,2017-08-07T02:05:31+00:00,48.42
1688,2017-08-07T02:10:21+00:00,48.42
1689,2017-08-07T02:15:10+00:00,49.59
1690,2017-08-07T02:19:52+00:00,50.1
1691,2017-08-07T02:24:45+00:00,50.91
1692,2017-08-07T02:29:29+00:00,51.17
1693,2017-08-07T02:34:12+00:00,51.8
1694,2017-08-07T02:39:07+00:00,51.8
1695,2017-08-07T02:43:56+00:00,51.8
1696,2017-08-07T02:48:49+00:00,52.2
1697,2017-08-07T02:53:44+00:00,52.73
1698,2017-08-07T02:58:34+00:00,52.98
1699,2017-08-07T03:03:31+00:00,53.55
1700,2017-08-07T03:08:16+00:00,53.55
1701,2017-08-07T03:13:02+00:00,54.05
1702,2017-08-07T03:17:55+00:00,54.05
1703,2017-08-07T03:22:37+00:00,54.05
1704,2017-08-07T03:27:24+00:00,54.05
1705,2017-08-07T03:32:12+00:00,53.79
1706,2017-08-07T03:36:56+00:00,53.79
1707,2017-08-07T03:41:49+00:00,53.79
1708,2017-08-07T03:46:33+00:00,53.79
1709,2017-08-07T03:51:18+00:00,53.79
1710,2017-08-07T03:56:16+00:00,53.79
1711,2017-08-07T04:00:56+00:00,53.41
1712,2017-08-07T04:05:52+00:00,53.28
1713,2017-08-07T04:10:52+00:00,53.95
1714,2017-08-07T04:15:44+00:00,54.2
1715,2017-08-07T04:20:33+00:00,54.2
1716,2017-08-07T04:25:29+00:00,54.46
1717,2017-08-07T04:30:30+00:00,54.46
1718,2017-08-07T04:35:14+00:00,54.72
1719,2017-08-07T04:40:01+00:00,55.36
1720,2017-08-07T04:44:45+00:00,55.48
1721,2017-08-07T04:49:29+00:00,55.08
1722,2017-08-07T04:54:30+00:00,54.17
1723,2017-08-07T04:59:53+00:00,53.23
1724,2017-08-07T05:04:52+00:00,52.59
1725,2017-08-07T05:09:37+00:00,51.54
1726,2017-08-07T05:14:21+00:00,50.9
1727,2017-08-07T05:19:16+00:00,50.9
1728,2017-08-07T05:24:00+00:00,50.9
1729,2017-08-07T05:28:53+00:00,51.03
1730,2017-08-07T05:33:33+00:00,51.03
1731,2017-08-07T05:38:16+00:00,51.68
1732,2017-08-07T05:42:53+00:00,51.94
1733,2017-08-07T05:47:37+00:00,52.71
1734,2017-08-07T05:52:14+00:00,52.71
1735,2017-08-07T05:56:55+00:00,52.71
1736,2017-08-07T06:01:41+00:00,52.71
1737,2017-08-07T06:06:29+00:00,52.71
1738,2017-08-07T06:11:28+00:00,52.71
1739,2017-08-07T06:16:13+00:00,52.71
1740,2017-08-07T06:21:02+00:00,52.84
1741,2017-08-07T06:25:42+00:00,52.84
1742,2017-08-07T06:30:19+00:00,52.84
1743,2017-08-07T06:35:08+00:00,52.84
1744,2017-08-07T06:39:56+00:00,52.84
1745,2017-08-07T06:44:39+00:00,52.84
1746,2017-08-07T06:49:22+00:00,52.84
1747,2017-08-07T06:54:08+00:00,52.84
1748,2017-08-07T06:58:50+00:00,53.23
1749,2017-08-07T07:03:49+00:00,54.34
1750,2017-08-07T07:08:53+00:00,54.34
1751,2017-08-07T07:13:48+00:00,54.6
1752,2017-08-07T07:18:35+00:00,54.98
1753,2017-08-07T07:23:25+00:00,54.98
1754,2017-08-07T07:28:15+00:00,54.98
1755,2017-08-07T07:33:02+00:00,54.98
1756,2017-08-07T07:37:44+00:00,54.98
1757,2017-08-07T07:42:34+00:00,54.98
1758,2017-08-07T07:47:25+00:00,54.98
1759,2017-08-07T07:52:14+00:00,54.98
1760,2017-08-07T07:57:10+00:00,54.98
1761,2017-08-07T08:01:54+00:00,54.98
1762,2017-08-07T08:06:44+00:00,54.98
1763,2017-08-07T08:11:23+00:00,54.98
1764,2017-08-07T08:16:10+00:00,54.98
1765,2017-08-07T08:20:59+00:00,54.47
1766,2017-08-07T08:26:01+00:00,54.34
1767,2017-08-07T08:30:53+00:00,53.96
1768,2017-08-07T08:35:45+00:00,53.96
1769,2017-08-07T08:40:41+00:00,53.96
1770,2017-08-07T08:45:33+00:00,53.96
1771,2017-08-07T08:50:25+00:00,53.83
1772,2017-08-07T08:55:17+00:00,53.57
1773,2017-08-07T09:00:14+00:00,53.06
1774,2017-08-07T09:04:58+00:00,52.8
1775,2017-08-07T09:09:46+00:00,52.55
1776,2017-08-07T09:14:39+00:00,51.92
1777,2017-08-07T09:19:32+00:00,51.39
1778,2017-08-07T09:24:24+00:00,51.39
1779,2017-08-07T09:29:19+00:00,51.39
1780,2017-08-07T09:34:16+00:00,51.39
1781,2017-08-07T09:39:06+00:00,51.39
1782,2017-08-07T09:43:50+00:00,51.39
1783,2017-08-07T09:48:43+00:00,51.39
1784,2017-08-07T09:53:34+00:00,51.39
1785,2017-08-07T09:58:27+00:00,51.14
1786,2017-08-07T10:03:18+00:00,50.88
1787,2017-08-07T10:08:12+00:00,50.49
1788,2017-08-07T10:13:00+00:00,50.49
1789,2017-08-07T10:17:53+00:00,50.37
1790,2017-08-07T10:22:50+00:00,50.37
1791,2017-08-07T10:27:51+00:00,50.37
1792,2017-08-07T10:33:02+00:00,50.37
1793,2017-08-07T10:37:55+00:00,50.37
1794,2017-08-07T10:42:52+00:00,50.24
1795,2017-08-07T10:47:50+00:00,50.24
1796,2017-08-07T10:52:56+00:00,50.11
1797,2017-08-07T10:57:55+00:00,49.99
1798,2017-08-07T11:02:53+00:00,49.73
1799,2017-08-07T11:07:46+00:00,49.73
1800,2017-08-07T11:13:02+00:00,49.73
1801,2017-08-07T11:17:55+00:00,49.73
1802,2017-08-07T11:23:01+00:00,49.73
1803,2017-08-07T11:27:59+00:00,47.13
1804,2017-08-07T11:33:00+00:00,47.13
1805,2017-08-07T11:38:16+00:00,47.13
1806,2017-08-07T11:43:18+00:00,47.13
1807,2017-08-07T11:48:12+00:00,47.13
1808,2017-08-07T11:53:06+00:00,47.13
1809,2017-08-07T11:58:05+00:00,47.13
1810,2017-08-07T12:03:06+00:00,47.13
1811,2017-08-07T12:08:07+00:00,47.0
1812,2017-08-07T12:13:05+00:00,46.62
1813,2017-08-07T12:18:01+00:00,44.03
1814,2017-08-07T12:22:57+00:00,42.62
1815,2017-08-07T12:27:49+00:00,42.37
1816,2017-08-07T12:32:45+00:00,42.24
1817,2017-08-07T12:37:38+00:00,42.11
1818,2017-08-07T12:42:41+00:00,41.85
1819,2017-08-07T12:47:40+00:00,41.59
1820,2017-08-07T12:52:32+00:00,41.47
1821,2017-08-07T12:57:29+00:00,41.47
1822,2017-08-07T13:02:24+00:00,41.47
1823,2017-08-07T13:07:20+00:00,41.47
1824,2017-08-07T13:12:09+00:00,41.34
1825,2017-08-07T13:16:58+00:00,41.34
1826,2017-08-07T13:21:48+00:00,41.21
1827,2017-08-07T13:26:39+00:00,41.09
1828,2017-08-07T13:31:33+00:00,40.83
1829,2017-08-07T13:36:30+00:00,40.7
1830,2017-08-07T13:41:19+00:00,40.45
1831,2017-08-07T13:46:15+00:00,40.19
1832,2017-08-07T13:51:06+00:00,40.19
1833,2017-08-07T13:55:49+00:00,40.19
1834,2017-08-07T14:00:38+00:00,40.19
1835,2017-08-07T14:05:44+00:00,38.49
1836,2017-08-07T14:10:29+00:00,37.47
1837,2017-08-07T14:15:20+00:00,36.96
1838,2017-08-07T14:20:09+00:00,36.83
1839,2017-08-07T14:25:10+00:00,36.7
1840,2017-08-07T14:30:08+00:00,36.7
1841,2017-08-07T14:35:00+00:00,36.7
1842,2017-08-07T14:39:56+00:00,36.7
1843,2017-08-07T14:44:51+00:00,36.7
1844,2017-08-07T14:49:47+00:00,36.7
1845,2017-08-07T14:54:39+00:00,36.7
1846,2017-08-07T14:59:30+00:00,36.7
1847,2017-08-07T15:04:29+00:00,36.7
1848,2017-08-07T15:09:23+00:00,34.63
1849,2017-08-07T15:14:20+00:00,34.25
1850,2017-08-07T15:19:04+00:00,34.25
1851,2017-08-07T15:24:02+00:00,34.25
1852,2017-08-07T15:28:59+00:00,34.25
1853,2017-08-07T15:33:56+00:00,34.25
1854,2017-08-07T15:38:47+00:00,34.25
1855,2017-08-07T15:43:43+00:00,34.93
1856,2017-08-07T15:48:34+00:00,34.93
1857,2017-08-07T15:53:41+00:00,34.93
1858,2017-08-07T15:58:38+00:00,34.93
1859,2017-08-07T16:03:24+00:00,34.93
1860,2017-08-07T16:08:11+00:00,34.93
1861,2017-08-07T16:13:04+00:00,34.93
1862,2017-08-07T16:17:55+00:00,34.93
1863,2017-08-07T16:22:46+00:00,34.93
1864,2017-08-07T16:27:38+00:00,34.93
1865,2017-08-07T16:32:35+00:00,34.93
1866,2017-08-07T16:37:25+00:00,34.93
1867,2017-08-07T16:42:24+00:00,34.93
1868,2017-08-07T16:47:24+00:00,34.93
1869,2017-08-07T16:52:21+00:00,35.32
1870,2017-08-07T16:57:14+00:00,35.85
1871,2017-08-07T17:02:08+00:00,36.24
1872,2017-08-07T17:07:13+00:00,36.78
1873,2017-08-07T17:12:13+00:00,37.3
1874,2017-08-07T17:17:15+00:00,37.56
1875,2017-08-07T17:22:13+00:00,37.82
1876,2017-08-07T17:27:12+00:00,37.82
1877,2017-08-07T17:32:14+00:00,37.82
1878,2017-08-07T17:37:10+00:00,37.94
1879,2017-08-07T17:42:07+00:00,37.94
1880,2017-08-07T17:47:04+00:00,38.07
1881,2017-08-07T17:52:01+00:00,39.2
1882,2017-08-07T17:56:54+00:00,39.59
1883,2017-08-07T18:01:51+00:00,39.59
1884,2017-08-07T18:06:46+00:00,39.59
1885,2017-08-07T18:11:42+00:00,39.59
1886,2017-08-07T18:16:36+00:00,38.94
1887,2017-08-07T18:21:32+00:00,38.69
1888,2017-08-07T18:26:32+00:00,38.56
1889,2017-08-07T18:31:29+00:00,39.08
1890,2017-08-07T18:36:25+00:00,39.86
1891,2017-08-07T18:41:19+00:00,40.25
1892,2017-08-07T18:46:14+00:00,40.9
1893,2017-08-07T18:51:11+00:00,41.59
1894,2017-08-07T18:56:07+00:00,41.59
1895,2017-08-07T19:00:58+00:00,41.59
1896,2017-08-07T19:05:58+00:00,42.38
1897,2017-08-07T19:10:56+00:00,42.83
1898,2017-08-07T19:15:53+00:00,42.96
1899,2017-08-07T19:20:52+00:00,43.73
1900,2017-08-07T19:25:42+00:00,44.83
1901,2017-08-07T19:30:40+00:00,43.49
1902,2017-08-07T19:35:27+00:00,44.78
1903,2017-08-07T19:40:25+00:00,44.78
1904,2017-08-07T19:45:23+00:00,43.19
1905,2017-08-07T19:50:20+00:00,42.17
1906,2017-08-07T19:55:21+00:00,41.63
1907,2017-08-07T20:00:20+00:00,41.63
1908,2017-08-07T20:05:17+00:00,41.38
1909,2017-08-07T20:10:07+00:00,41.38
1910,2017-08-07T20:15:08+00:00,42.04
1911,2017-08-07T20:20:05+00:00,42.83
1912,2017-08-07T20:25:04+00:00,42.83
1913,2017-08-07T20:30:00+00:00,42.95
1914,2017-08-07T20:34:53+00:00,42.12
1915,2017-08-07T20:39:47+00:00,40.87
1916,2017-08-07T20:44:41+00:00,40.35
1917,2017-08-07T20:49:39+00:00,39.95
1918,2017-08-07T20:54:36+00:00,40.34
1919,2017-08-07T20:59:41+00:00,40.86
1920,2017-08-07T21:04:53+00:00,40.86
1921,2017-08-07T21:09:48+00:00,40.86
1922,2017-08-07T21:14:48+00:00,40.86
1923,2017-08-07T21:19:47+00:00,40.61
1924,2017-08-07T21:24:41+00:00,40.61
1925,2017-08-07T21:29:35+00:00,40.61
1926,2017-08-07T21:34:39+00:00,41.26
1927,2017-08-07T21:39:26+00:00,41.26
1928,2017-08-07T21:44:21+00:00,41.26
1929,2017-08-07T21:49:15+00:00,41.26
1930,2017-08-07T21:54:12+00:00,41.64
1931,2017-08-07T21:59:09+00:00,41.77
1932,2017-08-07T22:04:04+00:00,41.9
1933,2017-08-07T22:09:03+00:00,41.9
1934,2017-08-07T22:14:03+00:00,41.9
1935,2017-08-07T22:19:00+00:00,41.9
1936,2017-08-07T22:23:52+00:00,41.9
1937,2017-08-07T22:28:42+00:00,41.9
1938,2017-08-07T22:33:42+00:00,41.9
1939,2017-08-07T22:38:43+00:00,41.9
1940,2017-08-07T22:43:48+00:00,41.9
1941,2017-08-07T22:48:52+00:00,42.41
1942,2017-08-07T22:53:53+00:00,42.41
1943,2017-08-07T22:58:52+00:00,42.41
1944,2017-08-07T23:03:58+00:00,42.41
1945,2017-08-07T23:08:56+00:00,42.66
1946,2017-08-07T23:13:58+00:00,42.66
1947,2017-08-07T23:18:57+00:00,42.27
1948,2017-08-07T23:23:56+00:00,42.14
1949,2017-08-07T23:28:48+00:00,42.14
1950,2017-08-07T23:33:46+00:00,42.14
1951,2017-08-07T23:38:44+00:00,41.88
1952,2017-08-07T23:43:36+00:00,41.88
1953,2017-08-07T23:48:36+00:00,41.88
1954,2017-08-07T23:53:36+00:00,41.62
1955,2017-08-07T23:58:39+00:00,41.48
1956,2017-08-08T00:03:27+00:00,41.48
1957,2017-08-08T00:08:08+00:00,40.95
1958,2017-08-08T00:12:55+00:00,40.95
1959,2017-08-08T00:17:36+00:00,40.95
1960,2017-08-08T00:22:22+00:00,40.95
1961,2017-08-08T00:27:07+00:00,40.95
1962,2017-08-08T00:31:46+00:00,40.95
1963,2017-08-08T00:36:38+00:00,40.95
1964,2017-08-08T00:41:18+00:00,40.95
1965,2017-08-08T00:45:59+00:00,40.95
1966,2017-08-08T00:50:37+00:00,40.95
1967,2017-08-08T00:55:22+00:00,40.95
1968,2017-08-08T01:00:14+00:00,40.95
1969,2017-08-08T01:05:17+00:00,40.95
1970,2017-08-08T01:10:16+00:00,40.95
1971,2017-08-08T01:14:58+00:00,40.95
1972,2017-08-08T01:19:51+00:00,40.95
1973,2017-08-08T01:24:59+00:00,40.95
1974,2017-08-08T01:30:01+00:00,40.95
1975,2017-08-08T01:35:01+00:00,42.38
1976,2017-08-08T01:39:56+00:00,43.14
1977,2017-08-08T01:45:07+00:00,43.14
1978,2017-08-08T01:50:03+00:00,43.14
1979,2017-08-08T01:55:05+00:00,43.14
1980,2017-08-08T02:00:03+00:00,43.14
1981,2017-08-08T02:05:08+00:00,43.01
1982,2017-08-08T02:10:06+00:00,44.46
1983,2017-08-08T02:14:59+00:00,44.73
1984,2017-08-08T02:19:47+00:00,44.73
1985,2017-08-08T02:24:44+00:00,44.99
1986,2017-08-08T02:29:35+00:00,44.99
1987,2017-08-08T02:34:42+00:00,45.24
1988,2017-08-08T02:39:34+00:00,45.24
1989,2017-08-08T02:44:26+00:00,45.24
1990,2017-08-08T02:49:22+00:00,45.24
1991,2017-08-08T02:54:20+00:00,45.24
1992,2017-08-08T02:59:18+00:00,45.24
1993,2017-08-08T03:04:10+00:00,45.37
1994,2017-08-08T03:09:07+00:00,45.75
1995,2017-08-08T03:14:04+00:00,46.0
1996,2017-08-08T03:19:01+00:00,46.26
1997,2017-08-08T03:23:52+00:00,46.52
1998,2017-08-08T03:28:50+00:00,46.92
1999,2017-08-08T03:33:47+00:00,47.17
2000,2017-08-08T03:38:53+00:00,47.3
2001,2017-08-08T03:43:44+00:00,47.3
2002,2017-08-08T03:48:37+00:00,47.3
2003,2017-08-08T03:53:20+00:00,47.3
2004,2017-08-08T03:58:16+00:00,47.3
2005,2017-08-08T04:03:15+00:00,47.86
2006,2017-08-08T04:08:10+00:00,51.31
2007,2017-08-08T04:13:02+00:00,51.56
2008,2017-08-08T04:18:04+00:00,52.46
2009,2017-08-08T04:22:57+00:00,52.46
2010,2017-08-08T04:27:50+00:00,52.46
2011,2017-08-08T04:32:45+00:00,52.46
2012,2017-08-08T04:37:44+00:00,52.46
2013,2017-08-08T04:42:39+00:00,52.46
2014,2017-08-08T04:47:33+00:00,52.46
2015,2017-08-08T04:52:28+00:00,51.55
2016,2017-08-08T04:57:34+00:00,51.55
2017,2017-08-08T05:03:13+00:00,50.5
2018,2017-08-08T05:08:13+00:00,51.03
2019,2017-08-08T05:12:54+00:00,51.03
2020,2017-08-08T05:17:43+00:00,51.03
2021,2017-08-08T05:22:35+00:00,51.03
2022,2017-08-08T05:27:27+00:00,51.03
2023,2017-08-08T05:32:18+00:00,51.03
2024,2017-08-08T05:37:08+00:00,51.03
2025,2017-08-08T05:41:59+00:00,51.03
2026,2017-08-08T05:46:41+00:00,51.03
2027,2017-08-08T05:51:34+00:00,51.03
2028,2017-08-08T05:56:26+00:00,51.03
2029,2017-08-08T06:01:28+00:00,51.03
2030,2017-08-08T06:06:26+00:00,50.9
2031,2017-08-08T06:11:21+00:00,50.77
2032,2017-08-08T06:16:16+00:00,50.23
2033,2017-08-08T06:21:03+00:00,50.23
2034,2017-08-08T06:26:00+00:00,50.1
2035,2017-08-08T06:30:57+00:00,49.98
2036,2017-08-08T06:35:54+00:00,49.98
2037,2017-08-08T06:40:49+00:00,49.98
2038,2017-08-08T06:45:42+00:00,49.98
2039,2017-08-08T06:50:36+00:00,49.98
2040,2017-08-08T06:55:33+00:00,49.98
